sales_agent,accountID,region,partnerInvolved
Kamari Ayers,j58sge,North America,No
Michael Conley,jbsvvx,Africa,Yes
Harrison Wiley,529e88,EMEA,Yes
Aniya Matthews,e59oet,EMEA,Yes
Miracle Aguilar,nw022j,EMEA,No
Zaniyah Ramirez,3oy2wf,APAC,Yes
Teagan Doyle,z5g21z,North America,No
Alijah Martinez,kofsjn,North America,No
Avah Zamora,0w3ynj,APAC,No
Guillermo Key,8jv53m,EMEA,No
Jonathon Morrow,ff0eo1,North America,No
Chelsea Herman,kt2n1f,APAC,No
Aylin Booker,mvrv7b,EMEA,No
Olivia Santana,t7w9ze,North America,No
Karlee Miranda,r0ggk2,North America,No
Marina Dunlap,ta2z0d,APAC,No
Kaden Mullen,akqkq7,North America,No
Ariana Zamora,cl0t5q,EMEA,No
Jace Carrillo,ekzk2g,EMEA,No
Reyna Hanna,g8rycf,APAC,No
Wayne Villegas,rpuw96,APAC,No
Lexie Wiggins,9wk5w7,Africa,No
Dennis Hansen,nb8xvb,EMEA,Yes
Heaven James,pwb2ac,EMEA,No
Madisyn Marquez,pjyno2,North America,No
Jack Sexton,r41e5f,EMEA,No
Chaya May,qt0q6y,North America,Yes
Rubi Harrison,la70oj,EMEA,Yes
Caden Church,wkc9pi,EMEA,No
Cullen Lucero,mjcqul,North America,Yes
Amelia Mooney,sp7j0z,North America,No
Stacy Mccall,88itdy,North America,No
Marlon Mahoney,x6wght,EMEA,Yes
Lyla Gibson,vsdlun,APAC,No
Wade Bean,8ay9ra,North America,Yes
Fernanda Guerrero,e0n181,EMEA,No
Kali Howard,qgzii1,APAC,No
Trinity Glover,6xa4us,APAC,No
Nora Harrell,vgb3sc,North America,No
Ernesto Moore,9frf77,North America,No
Toby Galloway,5gecpl,Africa,No
Scott Cummings,5e4zwc,North America,No
Camille Romero,ro3guq,EMEA,No
Mariyah Rodgers,sr30q5,North America,No
Cloe Hardin,bu7ii5,APAC,Yes
Catalina Garner,bywi3b,EMEA,Yes
Terrence Ho,8s1bvg,EMEA,No
Lacey Mcmahon,jo8spk,EMEA,No
Cecilia Koch,i6iwy5,North America,No
Jayden Bond,61lyvk,APAC,Yes
Deven York,8sz0px,North America,Yes
Karley Rogers,j85p01,EMEA,No
Alexis Valdez,q8d3e7,Latin America,No
Winston Sampson,891a7r,APAC,Yes
Dalton Walsh,92jr77,APAC,Yes
Allyson Warner,4twiby,North America,No
Rex Valentine,amh7ni,North America,No
Ali Wood,85631m,APAC,No
Victor Newman,9ud75n,EMEA,No
Elisa Chaney,jn7lqr,EMEA,No
Nicolas Buckley,fzextp,North America,No
Waylon Long,45mmcv,North America,No
Carlos Taylor,8f32e2,APAC,No
Payten Sims,wzngn6,North America,Yes
Jaxson Thompson,u2jmeg,North America,No
Kayden Khan,e5j2f6,North America,No
Tommy Blankenship,4oq6hw,EMEA,No
Tyree Hinton,94joti,EMEA,No
Davon Barry,pqpq9r,Latin America,Yes
Kaleigh Sparks,difynb,Latin America,Yes
Frida Strong,53wn8s,EMEA,No
Audrina Christensen,vb8nzk,EMEA,No
Chandler Santiago,4da77p,EMEA,No
Jensen Higgins,dovb1b,Latin America,No
Jordyn Robbins,pgvecl,EMEA,Yes
Dale Bailey,lg3r25,North America,No
Jadyn Keller,ta2zpc,North America,Yes
Liam Rowland,0hrfc7,EMEA,No
Naima Dickson,mhw29y,EMEA,No
Camryn Clayton,2qjkzq,APAC,Yes
Kiersten Nixon,htg018,EMEA,No
Dane Stuart,2krbeo,APAC,No
Jessie Reilly,tqfpuy,North America,No
Yareli Barry,5qfena,North America,No
Alexis Silva,053lno,North America,No
Aedan Shields,jtjy3y,EMEA,Yes
Kaitlin Mcgee,lc4gm7,EMEA,No
Gisselle Farrell,iuzh56,North America,Yes
Sam Hayes,r8zkcb,APAC,No
Lorena Bond,h77i1w,APAC,No
Kailee Blevins,976s1l,EMEA,Yes
Charlie Maynard,1obus8,Latin America,Yes
Bailey Hanson,xc09ie,North America,No
Xander Boyd,k3x1d5,EMEA,Yes
Joel Curry,tt01lc,North America,No
Carly Leblanc,xsbfyz,North America,No
Rubi Castillo,xykvb4,APAC,Yes
Gemma Weaver,ohe518,North America,No
Romeo Ellison,5cjgdn,North America,No
Marely James,1x9zmw,North America,No
Kamari Ayers,e6y7kj,North America,No
Michael Conley,r0ofdq,EMEA,No
Harrison Wiley,dh55f1,EMEA,No
Aniya Matthews,e2lis1,EMEA,Yes
Miracle Aguilar,2vmb4c,North America,No
Zaniyah Ramirez,8kawm6,EMEA,No
Teagan Doyle,olip7g,North America,Yes
Alijah Martinez,muunni,APAC,Yes
Avah Zamora,q5vmyn,North America,No
Guillermo Key,5y8tp9,EMEA,No
Jonathon Morrow,3lbivw,Africa,Yes
Chelsea Herman,1uut3k,North America,No
Aylin Booker,ykp24j,EMEA,No
Olivia Santana,w1mdca,EMEA,No
Karlee Miranda,m8dgpy,North America,Yes
Marina Dunlap,0nrmbg,EMEA,No
Kaden Mullen,927zu5,North America,No
Ariana Zamora,zipci2,North America,Yes
Jace Carrillo,eso9ak,North America,No
Reyna Hanna,a8zauf,Africa,Yes
Wayne Villegas,phbden,EMEA,No
Lexie Wiggins,inx4t3,EMEA,No
Dennis Hansen,jets43,EMEA,No
Heaven James,cxy7fm,APAC,No
Madisyn Marquez,hr0jfk,North America,No
Jack Sexton,8nwlk4,APAC,No
Chaya May,hfedq8,North America,No
Rubi Harrison,2alnwc,North America,No
Caden Church,04a3fw,North America,No
Cullen Lucero,d03dzi,APAC,No
Amelia Mooney,n66fwu,EMEA,No
Stacy Mccall,yftfic,North America,Yes
Marlon Mahoney,fodyt8,EMEA,No
Lyla Gibson,tn654g,EMEA,No
Wade Bean,hefc04,APAC,No
Fernanda Guerrero,wdnjuh,APAC,No
Kali Howard,e6y6us,North America,No
Trinity Glover,vg8aom,North America,Yes
Nora Harrell,s7zzt3,North America,No
Ernesto Moore,up59sk,Africa,Yes
Toby Galloway,bbw3ng,North America,No
Scott Cummings,63c1xx,EMEA,No
Camille Romero,hp7ooc,North America,Yes
Mariyah Rodgers,p7j5lm,Africa,Yes
Cloe Hardin,80gn3g,North America,No
Catalina Garner,52ftmf,APAC,No
Terrence Ho,xu1l10,EMEA,No
Lacey Mcmahon,b81smn,EMEA,No
Cecilia Koch,oztfk0,North America,No
Jayden Bond,hi4lfx,North America,No
Deven York,rk1xj5,APAC,No
Karley Rogers,dp92e7,EMEA,No
Alexis Valdez,gejzyz,APAC,No
Winston Sampson,hfr7oc,North America,No
Dalton Walsh,ie032v,Latin America,No
Allyson Warner,28yore,EMEA,No
Rex Valentine,zok3ki,APAC,Yes
Ali Wood,0pnx10,EMEA,No
Victor Newman,pxqi8m,North America,No
Elisa Chaney,j3x8i3,EMEA,No
Nicolas Buckley,vria6m,EMEA,No
Waylon Long,pondan,North America,No
Carlos Taylor,hyk6v5,EMEA,Yes
Payten Sims,w0g5a5,EMEA,Yes
Jaxson Thompson,16x1g3,North America,No
Kayden Khan,cw5mdw,EMEA,No
Tommy Blankenship,e4pw08,North America,No
Tyree Hinton,g6eeja,EMEA,No
Davon Barry,b8pmuw,EMEA,Yes
Kaleigh Sparks,byxnya,North America,Yes
Frida Strong,q97sf4,North America,No
Audrina Christensen,7zy0ev,North America,No
Chandler Santiago,n3l2cf,North America,No
Jensen Higgins,g5kk80,Africa,No
Jordyn Robbins,agio86,Latin America,No
Dale Bailey,wkw4ej,North America,No
Jadyn Keller,ple0nf,APAC,Yes
Liam Rowland,rjmbyi,Africa,Yes
Naima Dickson,ngwcgw,EMEA,No
Camryn Clayton,5ub3hk,EMEA,No
Kiersten Nixon,f145w1,APAC,No
Dane Stuart,aoxh9d,EMEA,Yes
Jessie Reilly,1qz2w2,APAC,Yes
Yareli Barry,c7ld3j,EMEA,No
Alexis Silva,n8as0s,EMEA,No
Aedan Shields,ot0nju,North America,No
Kaitlin Mcgee,ry60w3,EMEA,No
Gisselle Farrell,cyddd4,EMEA,No
Sam Hayes,7m9jpx,APAC,No
Lorena Bond,51z4cc,North America,No
Kailee Blevins,070y6v,EMEA,No
Charlie Maynard,uyzge8,North America,No
Bailey Hanson,yyf1wb,EMEA,Yes
Xander Boyd,ek5v3t,North America,No
Joel Curry,vpiwuy,North America,Yes
Carly Leblanc,2obwtz,APAC,Yes
Rubi Castillo,bpimjg,Latin America,Yes
Gemma Weaver,ctrr92,APAC,No
Romeo Ellison,vkctzq,EMEA,No
Marely James,dhsopp,APAC,No
Kamari Ayers,0xnl9e,Africa,Yes
Michael Conley,ea3qlp,North America,No
Harrison Wiley,opx5d9,North America,No
Aniya Matthews,vibl4a,Latin America,Yes
Miracle Aguilar,purgkh,North America,No
Zaniyah Ramirez,r9g3tm,EMEA,Yes
Teagan Doyle,e2nc5o,North America,Yes
Alijah Martinez,ljqaq0,Africa,No
Avah Zamora,d49wbn,APAC,No
Guillermo Key,5x8xz7,EMEA,No
Jonathon Morrow,hl97bx,Latin America,No
Chelsea Herman,tctqqh,EMEA,No
Aylin Booker,ywbk4t,Latin America,No
Olivia Santana,21xhlq,APAC,No
Karlee Miranda,4o73xp,EMEA,Yes
Marina Dunlap,562xjo,EMEA,No
Kaden Mullen,22niun,North America,No
Ariana Zamora,nhp3xp,North America,No
Jace Carrillo,ma0142,EMEA,No
Reyna Hanna,1m7cxu,APAC,Yes
Wayne Villegas,80eclu,EMEA,No
Lexie Wiggins,v7soap,North America,No
Dennis Hansen,m700hi,North America,No
Heaven James,ym43g5,Latin America,No
Madisyn Marquez,x9u1fd,EMEA,No
Jack Sexton,dr172f,EMEA,No
Chaya May,uudrpo,North America,No
Rubi Harrison,reig3u,North America,No
Caden Church,sib6i0,EMEA,No
Cullen Lucero,kzm2ym,EMEA,No
Amelia Mooney,1hxvxo,North America,No
Stacy Mccall,pl54zt,EMEA,Yes
Marlon Mahoney,7l289r,EMEA,No
Lyla Gibson,w5xg0k,North America,No
Wade Bean,0lo3bj,Africa,No
Fernanda Guerrero,yc8iwh,North America,No
Kali Howard,tcatq3,APAC,No
Trinity Glover,btpg7h,EMEA,No
Nora Harrell,8i4e20,APAC,No
Ernesto Moore,zrq991,APAC,No
Toby Galloway,zdm053,Latin America,No
Scott Cummings,6j3hxr,North America,No
Camille Romero,d0tvgt,North America,No
Mariyah Rodgers,j9xmcl,EMEA,No
Cloe Hardin,6d2x36,North America,Yes
Catalina Garner,418ckh,North America,No
Terrence Ho,mt7h5o,North America,No
Lacey Mcmahon,1fmdig,North America,No
Cecilia Koch,7fgd5v,North America,No
Jayden Bond,r40tz2,EMEA,No
Deven York,j71prb,North America,No
Karley Rogers,e18hp5,North America,No
Alexis Valdez,zx6nk3,APAC,Yes
Winston Sampson,c64ebd,APAC,No
Dalton Walsh,58l1b7,EMEA,No
Allyson Warner,k1ssa1,North America,No
Rex Valentine,hmp6k8,North America,No
Ali Wood,tq5jiw,EMEA,No
Victor Newman,zn9ows,Latin America,Yes
Elisa Chaney,j8mriv,APAC,Yes
Nicolas Buckley,re5b6h,North America,No
Waylon Long,t509sv,APAC,No
Carlos Taylor,ccl5am,APAC,No
Payten Sims,1n16xy,EMEA,No
Jaxson Thompson,whu27b,EMEA,No
Kayden Khan,un8ubi,North America,No
Tommy Blankenship,lg3tlb,North America,No
Tyree Hinton,swqk22,EMEA,Yes
Davon Barry,k5hh8a,EMEA,No
Kaleigh Sparks,9749km,APAC,No
Frida Strong,gafx3x,North America,No
Audrina Christensen,aeg178,North America,No
Chandler Santiago,ehidas,EMEA,No
Jensen Higgins,md18c8,Africa,No
Jordyn Robbins,u0o912,EMEA,No
Dale Bailey,cqm4ok,North America,Yes
Jadyn Keller,xeux4w,EMEA,No
Liam Rowland,jg7rga,EMEA,No
Naima Dickson,h8dtau,North America,No
Camryn Clayton,d4dfad,EMEA,No
Kiersten Nixon,wyel0w,EMEA,No
Dane Stuart,qqhnm0,APAC,No
Jessie Reilly,5hbebg,North America,No
Yareli Barry,dmwact,EMEA,No
Alexis Silva,esegfi,APAC,No
Aedan Shields,7l6uvu,APAC,Yes
Kaitlin Mcgee,36kn3x,APAC,No
Gisselle Farrell,gw6rjh,North America,No
Sam Hayes,9x5rk0,North America,No
Lorena Bond,m78774,Latin America,No
Kailee Blevins,v8hhad,APAC,No
Charlie Maynard,5cee9x,EMEA,Yes
Bailey Hanson,t0ge0n,Latin America,No
Xander Boyd,9nv63i,APAC,No
Joel Curry,d4rou0,APAC,No
Carly Leblanc,ocp0dd,North America,No
Rubi Castillo,0h829g,APAC,Yes
Gemma Weaver,8l1dm0,Africa,No
Romeo Ellison,ivlxhd,North America,Yes
Marely James,6yzpy5,North America,No
Kamari Ayers,4ejegc,EMEA,No
Michael Conley,i9ixza,APAC,No
Harrison Wiley,pdzgzg,North America,No
Aniya Matthews,i8fj37,EMEA,No
Miracle Aguilar,w94olb,North America,No
Zaniyah Ramirez,4xee2z,APAC,Yes
Teagan Doyle,eb1n2e,APAC,No
Alijah Martinez,6q3nup,APAC,Yes
Avah Zamora,5m40kx,APAC,Yes
Guillermo Key,n2hr59,EMEA,No
Jonathon Morrow,hgogex,APAC,No
Chelsea Herman,jng4cr,North America,No
Aylin Booker,20onwx,North America,Yes
Olivia Santana,xmf3y0,APAC,No
Karlee Miranda,6nrwzq,APAC,No
Marina Dunlap,la74xf,North America,No
Kaden Mullen,bgu4p0,Latin America,No
Ariana Zamora,30j7k2,EMEA,No
Jace Carrillo,fwpls3,APAC,Yes
Reyna Hanna,jbdt2a,EMEA,No
Wayne Villegas,hbhll5,EMEA,No
Lexie Wiggins,zj77d3,North America,No
Dennis Hansen,ohvm7k,North America,Yes
Heaven James,pxy2zw,EMEA,No
Madisyn Marquez,y73mb9,EMEA,No
Jack Sexton,fgfdyq,EMEA,Yes
Chaya May,8z49wb,EMEA,No
Rubi Harrison,2ok3l6,North America,No
Caden Church,y237a7,EMEA,No
Cullen Lucero,yaq8bn,APAC,Yes
Amelia Mooney,6zawlq,EMEA,No
Stacy Mccall,u738k1,EMEA,No
Marlon Mahoney,uhf95k,North America,No
Lyla Gibson,qfuian,Africa,Yes
Wade Bean,4kcmit,APAC,No
Fernanda Guerrero,3y8u42,APAC,No
Kali Howard,8eccxn,North America,No
Trinity Glover,kx20ra,EMEA,No
Nora Harrell,o1yaoa,North America,No
Ernesto Moore,86dwhi,North America,Yes
Toby Galloway,7v43q1,EMEA,Yes
Scott Cummings,5vk232,APAC,Yes
Camille Romero,76oc41,EMEA,No
Mariyah Rodgers,q6ujdb,APAC,No
Cloe Hardin,8dqqty,North America,No
Catalina Garner,nky34r,APAC,Yes
Terrence Ho,8ma0ob,North America,Yes
Lacey Mcmahon,lgdfq1,EMEA,No
Cecilia Koch,84il16,Africa,No
Jayden Bond,jk47po,EMEA,No
Deven York,4u9e6j,EMEA,No
Karley Rogers,6iawj3,APAC,No
Alexis Valdez,s6lp4d,EMEA,Yes
Winston Sampson,jhcp4i,North America,No
Dalton Walsh,8glp9e,North America,Yes
Allyson Warner,9n2hsa,APAC,Yes
Rex Valentine,i1frzn,EMEA,No
Ali Wood,ph3wsb,EMEA,No
Victor Newman,bu9n36,APAC,No
Elisa Chaney,pwp7mm,EMEA,No
Nicolas Buckley,8u3b0b,EMEA,No
Waylon Long,z89qdz,Latin America,Yes
Carlos Taylor,66zsq4,EMEA,Yes
Payten Sims,jbv6g4,EMEA,No
Jaxson Thompson,0qa3kh,EMEA,No
Kayden Khan,6ubhr6,North America,Yes
Tommy Blankenship,hrsk3b,North America,Yes
Tyree Hinton,uc0olk,EMEA,Yes
Davon Barry,74znky,APAC,No
Kaleigh Sparks,dpe0z3,EMEA,No
Frida Strong,c8wayz,Africa,Yes
Audrina Christensen,yu8mk0,APAC,Yes
Chandler Santiago,sjp40d,EMEA,No
Jensen Higgins,0bb2vo,EMEA,No
Jordyn Robbins,p7zai7,North America,No
Dale Bailey,d4oquh,EMEA,No
Jadyn Keller,5qzbej,APAC,No
Liam Rowland,3tpjww,EMEA,No
Naima Dickson,4rv1gt,North America,Yes
Camryn Clayton,8nyeu2,Latin America,No
Kiersten Nixon,shcfpq,Latin America,Yes
Dane Stuart,fjusfa,APAC,No
Jessie Reilly,c6ncpi,EMEA,No
Yareli Barry,bviynh,APAC,Yes
Alexis Silva,u368h4,EMEA,No
Aedan Shields,symnyj,North America,No
Kaitlin Mcgee,j0o5wm,EMEA,Yes
Gisselle Farrell,wmtlir,North America,No
Sam Hayes,xdpuku,APAC,No
Lorena Bond,w1uvg6,APAC,No
Kailee Blevins,j493bm,APAC,No
Charlie Maynard,7glcld,Africa,No
Bailey Hanson,ogasml,EMEA,No
Xander Boyd,g4o1kj,Africa,No
Joel Curry,x3ce5m,North America,No
Carly Leblanc,kdnt4n,EMEA,No
Rubi Castillo,retw6s,EMEA,No
Gemma Weaver,4duup1,Latin America,No
Romeo Ellison,rayeis,APAC,Yes
Marely James,dba3vg,EMEA,No
Kamari Ayers,9wmgxn,EMEA,Yes
Michael Conley,iag9mz,EMEA,No
Harrison Wiley,vh8d0x,EMEA,No
Aniya Matthews,ymtwtq,EMEA,No
Miracle Aguilar,jqv021,North America,No
Zaniyah Ramirez,sxawew,APAC,No
Teagan Doyle,yduqg3,North America,No
Alijah Martinez,ngqtdw,APAC,Yes
Avah Zamora,6f7yyg,Latin America,No
Guillermo Key,57bfyk,APAC,No
Jonathon Morrow,o5p8ae,EMEA,No
Chelsea Herman,4tr3sf,APAC,Yes
Aylin Booker,olwhqt,EMEA,No
Olivia Santana,37sgfa,EMEA,No
Karlee Miranda,bdsy45,North America,No
Marina Dunlap,a156c9,EMEA,No
Kaden Mullen,7s0qsy,North America,Yes
Ariana Zamora,neydws,EMEA,No
Jace Carrillo,6y59v0,EMEA,Yes
Reyna Hanna,nfpjlr,APAC,No
Wayne Villegas,3f1urx,APAC,No
Lexie Wiggins,9638kc,North America,No
Dennis Hansen,6jrc37,North America,No
Heaven James,72a3lk,EMEA,No
Madisyn Marquez,wv6qqs,North America,No
Jack Sexton,2sh3oh,APAC,No
Chaya May,ahrnon,North America,Yes
Rubi Harrison,shodqs,North America,No
Caden Church,afotsx,EMEA,No
Cullen Lucero,st2ewp,North America,Yes
Amelia Mooney,f681bb,EMEA,No
Stacy Mccall,mcj6sj,North America,Yes
Marlon Mahoney,b36gj7,EMEA,Yes
Lyla Gibson,ds36py,North America,No
Wade Bean,03wwsr,EMEA,No
Fernanda Guerrero,j57zjt,APAC,Yes
Kali Howard,icb6z3,APAC,No
Trinity Glover,u26mgr,APAC,No
Nora Harrell,z2kmcz,Africa,No
Ernesto Moore,vm7yrp,North America,No
Toby Galloway,slcs04,APAC,No
Scott Cummings,yhnm9b,Latin America,No
Camille Romero,bxvagj,EMEA,Yes
Mariyah Rodgers,p5jit3,Latin America,Yes
Cloe Hardin,0wvqpi,North America,No
Catalina Garner,ml3dv3,EMEA,No
Terrence Ho,5xlsf5,EMEA,No
Lacey Mcmahon,nnwrwr,North America,No
Cecilia Koch,wsh7x5,Africa,Yes
Jayden Bond,uew9rb,EMEA,No
Deven York,1cxhy6,North America,Yes
Karley Rogers,0dxi4k,EMEA,No
Alexis Valdez,2soo3g,APAC,No
Winston Sampson,xshrpa,Latin America,Yes
Dalton Walsh,ubpel9,North America,No
Allyson Warner,hm4y7g,North America,Yes
Rex Valentine,uppz8p,EMEA,No
Ali Wood,50k6cc,North America,No
Victor Newman,l5uari,North America,Yes
Elisa Chaney,al9g57,APAC,No
Nicolas Buckley,sucfr6,North America,No
Waylon Long,rst8vs,EMEA,No
Carlos Taylor,1ovaap,Latin America,No
Payten Sims,3eyojm,EMEA,No
Jaxson Thompson,2yokf0,North America,No
Kayden Khan,k9gx0t,EMEA,Yes
Tommy Blankenship,kmtuo5,North America,No
Tyree Hinton,itr25g,EMEA,No
Davon Barry,j9wn03,EMEA,No
Kaleigh Sparks,o8q2qv,North America,No
Frida Strong,974463,North America,No
Audrina Christensen,hcebt3,North America,Yes
Chandler Santiago,jmqcu9,APAC,No
Jensen Higgins,nvsmd3,EMEA,No
Jordyn Robbins,p9k8cc,EMEA,No
Dale Bailey,z2p86q,EMEA,No
Jadyn Keller,a8nf90,North America,No
Liam Rowland,pxcesj,EMEA,Yes
Naima Dickson,8q5hwk,APAC,No
Camryn Clayton,4pddw4,North America,No
Kiersten Nixon,cpcznb,North America,No
Dane Stuart,05oxs3,EMEA,No
Jessie Reilly,kkwszi,North America,No
Yareli Barry,fur0zm,EMEA,No
Alexis Silva,g7c6m6,Africa,Yes
Aedan Shields,guhg61,APAC,No
Kaitlin Mcgee,mpsojm,EMEA,No
Gisselle Farrell,niil1d,EMEA,No
Sam Hayes,e6533r,EMEA,No
Lorena Bond,k14pwn,APAC,No
Kailee Blevins,v0j9ek,North America,No
Charlie Maynard,k1g2a6,EMEA,Yes
Bailey Hanson,klveok,EMEA,No
Xander Boyd,kewo0n,North America,No
Joel Curry,dlhaqp,North America,Yes
Carly Leblanc,x06kn8,APAC,Yes
Rubi Castillo,0nq5zh,EMEA,No
Gemma Weaver,xfl7rn,Latin America,No
Romeo Ellison,gu28le,APAC,No
Marely James,84nrhg,Latin America,No
Kamari Ayers,likjhx,EMEA,No
Michael Conley,lt69ik,APAC,Yes
Harrison Wiley,x94keo,EMEA,No
Aniya Matthews,mrhi6o,Africa,Yes
Miracle Aguilar,c3d4im,Latin America,No
Zaniyah Ramirez,ves5et,EMEA,No
Teagan Doyle,8hnwjs,Africa,No
Alijah Martinez,wevquy,EMEA,No
Avah Zamora,mayu7q,EMEA,No
Guillermo Key,fahx8f,North America,No
Jonathon Morrow,zsh9jn,EMEA,No
Chelsea Herman,5d9gke,EMEA,No
Aylin Booker,34n3zr,North America,No
Olivia Santana,gs130t,EMEA,No
Karlee Miranda,svp4ww,North America,No
Marina Dunlap,jccpxb,Africa,No
Kaden Mullen,04391n,APAC,No
Ariana Zamora,ezk0c7,North America,Yes
Jace Carrillo,xtuygm,North America,Yes
Reyna Hanna,1scge8,North America,No
Wayne Villegas,sqnmw6,North America,Yes
Lexie Wiggins,9d7iuy,North America,No
Dennis Hansen,duxgwf,EMEA,No
Heaven James,wmx5n9,APAC,No
Madisyn Marquez,v0lt7t,North America,No
Jack Sexton,0hg8aq,EMEA,No
Chaya May,hzeqkz,North America,No
Rubi Harrison,scy2s7,North America,Yes
Caden Church,cwcx12,APAC,No
Cullen Lucero,ncmb2s,EMEA,No
Amelia Mooney,lhunwk,North America,No
Stacy Mccall,r56vki,APAC,No
Marlon Mahoney,wcumq6,APAC,No
Lyla Gibson,reta0q,North America,No
Wade Bean,imka64,North America,No
Fernanda Guerrero,ej3qld,EMEA,No
Kali Howard,b06yam,APAC,Yes
Trinity Glover,r9mrj5,APAC,No
Nora Harrell,0nkxsa,EMEA,Yes
Ernesto Moore,mzhxq9,APAC,No
Toby Galloway,7787t2,North America,No
Scott Cummings,j1e5jf,North America,No
Camille Romero,wf2b3k,North America,No
Mariyah Rodgers,utv73r,Latin America,No
Cloe Hardin,9qq3d7,Africa,Yes
Catalina Garner,2zr8s5,EMEA,No
Terrence Ho,o4mohp,EMEA,No
Lacey Mcmahon,je06p5,EMEA,No
Cecilia Koch,7ltt3b,APAC,Yes
Jayden Bond,14wakq,North America,Yes
Deven York,195682,North America,No
Karley Rogers,72eeef,EMEA,Yes
Alexis Valdez,7r1sl0,Africa,No
Winston Sampson,u4ur9d,EMEA,No
Dalton Walsh,ddr176,Latin America,No
Allyson Warner,8x2y5y,Latin America,No
Rex Valentine,1rprkl,EMEA,Yes
Ali Wood,057o1a,Africa,No
Victor Newman,hpy027,APAC,Yes
Elisa Chaney,9i6c68,APAC,Yes
Nicolas Buckley,8u4d58,North America,No
Waylon Long,ltlon4,APAC,Yes
Carlos Taylor,harnwp,EMEA,No
Payten Sims,bjtgdv,EMEA,No
Jaxson Thompson,ds6tb4,EMEA,No
Kayden Khan,7v3amp,APAC,No
Tommy Blankenship,w3jx0z,North America,No
Tyree Hinton,rlw1me,EMEA,No
Davon Barry,ima84q,APAC,No
Kaleigh Sparks,jp0hoy,Africa,No
Frida Strong,t7cdi9,EMEA,No
Audrina Christensen,ak0d3z,APAC,Yes
Chandler Santiago,pszivg,North America,No
Jensen Higgins,nvxd0w,EMEA,No
Jordyn Robbins,vaouin,EMEA,No
Dale Bailey,vgiw23,APAC,No
Jadyn Keller,1tyf6a,EMEA,No
Liam Rowland,7zkyja,North America,No
Naima Dickson,t3pg9f,North America,No
Camryn Clayton,kriu9c,APAC,No
Kiersten Nixon,ti1r84,APAC,No
Dane Stuart,d4yjyl,APAC,No
Jessie Reilly,odadrz,APAC,No
Yareli Barry,0y319g,North America,No
Alexis Silva,35xu93,APAC,No
Aedan Shields,5puk0r,North America,No
Kaitlin Mcgee,mfiou8,APAC,No
Gisselle Farrell,84542o,EMEA,No
Sam Hayes,rxbmi8,North America,Yes
Lorena Bond,ftzb0i,Latin America,No
Kailee Blevins,hl0yu6,Africa,No
Charlie Maynard,g7cwam,North America,No
Bailey Hanson,34z38w,Latin America,Yes
Xander Boyd,j7mjps,North America,No
Joel Curry,t9y97w,Africa,Yes
Carly Leblanc,a4dy0d,EMEA,Yes
Rubi Castillo,9g6yly,North America,No
Gemma Weaver,m4y4il,EMEA,No
Romeo Ellison,1dwy6p,Latin America,Yes
Marely James,n4773m,APAC,Yes
Kamari Ayers,8ad4ec,North America,No
Michael Conley,kthlzg,APAC,No
Harrison Wiley,9tjhp2,EMEA,No
Aniya Matthews,cuft4q,EMEA,No
Miracle Aguilar,xxxomv,EMEA,No
Zaniyah Ramirez,2ni6a0,EMEA,No
Teagan Doyle,c7yvie,Latin America,No
Alijah Martinez,tlwxoy,North America,No
Avah Zamora,wiurxi,EMEA,Yes
Guillermo Key,1jpqhh,APAC,No
Jonathon Morrow,h8pi6l,EMEA,No
Chelsea Herman,v3go4k,APAC,No
Aylin Booker,u6hu7p,North America,Yes
Olivia Santana,hp1nno,Latin America,No
Karlee Miranda,0j7xbm,EMEA,No
Marina Dunlap,102emx,EMEA,No
Kaden Mullen,b8gy04,Latin America,No
Ariana Zamora,c43g3y,Latin America,No
Jace Carrillo,6n0gqg,North America,No
Reyna Hanna,7xp0dc,North America,No
Wayne Villegas,izroyl,EMEA,No
Lexie Wiggins,ej9qqd,APAC,No
Dennis Hansen,slt147,Africa,No
Heaven James,46rfrw,EMEA,No
Madisyn Marquez,8w38u8,North America,Yes
Jack Sexton,dr10hn,APAC,No
Chaya May,mtf7bv,APAC,No
Rubi Harrison,i6jpgm,EMEA,No
Caden Church,mv1i6u,EMEA,No
Cullen Lucero,yjmoep,North America,No
Amelia Mooney,4suddl,EMEA,Yes
Stacy Mccall,v8ufx9,APAC,No
Marlon Mahoney,8jqyfo,North America,No
Lyla Gibson,6qxwvi,North America,No
Wade Bean,bkoev1,North America,No
Fernanda Guerrero,sr01b4,North America,No
Kali Howard,nbvma6,North America,No
Trinity Glover,egitpc,APAC,No
Nora Harrell,wlevnl,North America,No
Ernesto Moore,0cctsa,EMEA,No
Toby Galloway,b3mer5,Latin America,No
Scott Cummings,pab183,EMEA,No
Camille Romero,bhv7wg,North America,No
Mariyah Rodgers,mrvs6s,EMEA,No
Cloe Hardin,t4pwu5,North America,No
Catalina Garner,i5huwl,North America,No
Terrence Ho,onrlpx,EMEA,No
Lacey Mcmahon,qhprdy,North America,No
Cecilia Koch,gvf3an,North America,Yes
Jayden Bond,0kb90s,EMEA,No
Deven York,620hqk,EMEA,No
Karley Rogers,wele2a,Africa,Yes
Alexis Valdez,yp0q6q,EMEA,No
Winston Sampson,zemwlp,Africa,No
Dalton Walsh,n2f98y,Latin America,No
Allyson Warner,frgdh2,APAC,No
Rex Valentine,nu2kr1,EMEA,No
Ali Wood,338nu2,APAC,Yes
Victor Newman,pwhbx4,North America,No
Elisa Chaney,6yehlt,EMEA,Yes
Nicolas Buckley,wxlhqn,North America,No
Waylon Long,ixlbb0,Africa,No
Carlos Taylor,i3vyvq,EMEA,No
Payten Sims,iq5k75,North America,Yes
Jaxson Thompson,wnhctx,EMEA,No
Kayden Khan,ysqv9v,North America,Yes
Tommy Blankenship,b063bl,EMEA,Yes
Tyree Hinton,mrl071,EMEA,No
Davon Barry,nuvf87,EMEA,No
Kaleigh Sparks,xcxs56,EMEA,No
Frida Strong,zgjbe4,North America,No
Audrina Christensen,45zfnv,North America,Yes
Chandler Santiago,l0e1nh,North America,No
Jensen Higgins,f97cxp,Africa,No
Jordyn Robbins,wnftxb,EMEA,No
Dale Bailey,7nnfbf,North America,No
Jadyn Keller,rz1gju,EMEA,No
Liam Rowland,pcl6it,North America,No
Naima Dickson,1qxxwb,EMEA,No
Camryn Clayton,un4lg1,Latin America,No
Kiersten Nixon,ejqmzo,EMEA,No
Dane Stuart,74frx8,Africa,Yes
Jessie Reilly,0kh2dh,APAC,No
Yareli Barry,02w6ns,EMEA,No
Alexis Silva,if9d2q,Africa,No
Aedan Shields,e2ktcr,Africa,No
Kaitlin Mcgee,b1rmat,North America,No
Gisselle Farrell,ur34p6,EMEA,Yes
Sam Hayes,g13lsf,North America,No
Lorena Bond,8uonss,North America,No
Kailee Blevins,rchr0a,EMEA,No
Charlie Maynard,grbxe1,APAC,No
Bailey Hanson,15icpq,North America,No
Xander Boyd,g1p2v7,EMEA,No
Joel Curry,gztbky,Latin America,No
Carly Leblanc,b44q4y,Africa,Yes
Rubi Castillo,cc67zx,North America,No
Gemma Weaver,r9di30,Latin America,No
Romeo Ellison,6ukps5,EMEA,Yes
Marely James,wqizx4,North America,Yes
Kamari Ayers,ijvv3v,EMEA,No
Michael Conley,iyyb0z,EMEA,No
Harrison Wiley,kd72we,North America,No
Aniya Matthews,202ixu,North America,No
Miracle Aguilar,va7unp,North America,No
Zaniyah Ramirez,73btdh,EMEA,No
Teagan Doyle,mn8k3f,EMEA,Yes
Alijah Martinez,l5oyry,EMEA,No
Avah Zamora,z3i7dh,North America,Yes
Guillermo Key,29ifpg,EMEA,No
Jonathon Morrow,qlh24h,EMEA,No
Chelsea Herman,8iy4zy,Latin America,No
Aylin Booker,it413o,APAC,No
Olivia Santana,lfwzth,APAC,Yes
Karlee Miranda,p9rhph,EMEA,No
Marina Dunlap,756qvl,EMEA,No
Kaden Mullen,qhw09j,North America,Yes
Ariana Zamora,dvv10q,EMEA,No
Jace Carrillo,cpdpv8,North America,Yes
Reyna Hanna,bwbsri,APAC,Yes
Wayne Villegas,0lk4e7,EMEA,Yes
Lexie Wiggins,caqkzt,North America,No
Dennis Hansen,c5xmpo,North America,No
Heaven James,vi02lv,APAC,Yes
Madisyn Marquez,5obp00,APAC,No
Jack Sexton,taosac,EMEA,No
Chaya May,porbke,Africa,Yes
Rubi Harrison,ccteui,EMEA,No
Caden Church,ygeotn,APAC,Yes
Cullen Lucero,hht3dd,EMEA,No
Amelia Mooney,89ix1x,EMEA,No
Stacy Mccall,1vavpu,Africa,Yes
Marlon Mahoney,06gayh,North America,No
Lyla Gibson,m2ua8x,North America,No
Wade Bean,uymd12,EMEA,No
Fernanda Guerrero,76e43x,EMEA,No
Kali Howard,x9kcax,North America,Yes
Trinity Glover,s4u5zn,APAC,Yes
Nora Harrell,twcoto,APAC,Yes
Ernesto Moore,0968v7,North America,No
Toby Galloway,qv1q88,North America,No
Scott Cummings,9rk70a,North America,No
Camille Romero,bt5vwi,Latin America,No
Mariyah Rodgers,qbn5if,EMEA,Yes
Cloe Hardin,nau50f,EMEA,No
Catalina Garner,9j83ye,North America,No
Terrence Ho,jzqq6c,North America,No
Lacey Mcmahon,w9g2qm,North America,No
Cecilia Koch,gfeckk,EMEA,No
Jayden Bond,fy72km,Latin America,No
Deven York,k5y6z0,EMEA,Yes
Karley Rogers,611u7y,North America,No
Alexis Valdez,hwsxp4,APAC,No
Winston Sampson,fl4czx,North America,Yes
Dalton Walsh,5kxwsn,Africa,No
Allyson Warner,hdwo5p,EMEA,Yes
Rex Valentine,opek50,North America,No
Ali Wood,lydxun,North America,No
Victor Newman,xinzim,EMEA,No
Elisa Chaney,sectrf,Africa,Yes
Nicolas Buckley,68drfs,North America,No
Waylon Long,afdir0,North America,No
Carlos Taylor,psglff,North America,Yes
Payten Sims,m5q3x7,EMEA,Yes
Jaxson Thompson,jt22pr,EMEA,No
Kayden Khan,2nnay5,EMEA,Yes
Tommy Blankenship,tpf3tb,APAC,No
Tyree Hinton,4uyrdf,Latin America,No
Davon Barry,ahxtwx,North America,No
Kaleigh Sparks,y16o4v,Latin America,No
Frida Strong,8yxy6y,Latin America,No
Audrina Christensen,ww1313,APAC,Yes
Chandler Santiago,o88liv,EMEA,Yes
Jensen Higgins,9tzq9g,North America,Yes
Jordyn Robbins,57daeu,Latin America,No
Dale Bailey,ap4c7a,North America,No
Jadyn Keller,5cuy72,Latin America,No
Liam Rowland,h0uiz0,North America,No
Naima Dickson,nyu3r5,EMEA,No
Camryn Clayton,pb8yzm,APAC,No
Kiersten Nixon,fam5at,APAC,No
Dane Stuart,liagje,North America,No
Jessie Reilly,tr64st,North America,No
Yareli Barry,mtvkts,EMEA,No
Alexis Silva,jk1j62,EMEA,No
Aedan Shields,3hgpiw,EMEA,No
Kaitlin Mcgee,oabhcm,EMEA,No
Gisselle Farrell,bqvgdo,APAC,No
Sam Hayes,vz67rv,EMEA,No
Lorena Bond,pgrpas,APAC,Yes
Kailee Blevins,lhe8um,APAC,No
Charlie Maynard,bx4w3u,North America,No
Bailey Hanson,49o506,EMEA,Yes
Xander Boyd,in4a2a,North America,Yes
Joel Curry,nhhuuk,Africa,Yes
Carly Leblanc,r41if0,North America,No
Rubi Castillo,hck34b,Latin America,No
Gemma Weaver,f12y7s,North America,No
Romeo Ellison,afinqs,EMEA,No
Marely James,70w5nv,APAC,No
Kamari Ayers,9g7hc5,EMEA,No
Michael Conley,q8khv2,APAC,No
Harrison Wiley,13wzfa,North America,No
Aniya Matthews,x1gw9p,Latin America,No
Miracle Aguilar,fcnlr0,North America,No
Zaniyah Ramirez,r0hr3b,EMEA,No
Teagan Doyle,y2ceww,APAC,Yes
Alijah Martinez,6db530,North America,Yes
Avah Zamora,w77ien,North America,No
Guillermo Key,gy2ait,North America,Yes
Jonathon Morrow,080eg4,North America,Yes
Chelsea Herman,slgizo,APAC,Yes
Aylin Booker,riheai,EMEA,Yes
Olivia Santana,15tnzq,Africa,Yes
Karlee Miranda,cod2hd,Africa,No
Marina Dunlap,d79p6e,APAC,No
Kaden Mullen,k3fmrm,North America,Yes
Ariana Zamora,xa93go,EMEA,No
Jace Carrillo,oud49m,EMEA,No
Reyna Hanna,oexisw,APAC,Yes
Wayne Villegas,tmt0ec,North America,No
Lexie Wiggins,t0vbt3,North America,Yes
Dennis Hansen,cn1mr8,Africa,No
Heaven James,v6851p,EMEA,No
Madisyn Marquez,8mlta1,EMEA,Yes
Jack Sexton,g04qsv,APAC,No
Chaya May,hgopaf,North America,No
Rubi Harrison,7q0h0y,EMEA,No
Caden Church,n1505v,North America,No
Cullen Lucero,87jss3,APAC,No
Amelia Mooney,lby775,EMEA,No
Stacy Mccall,0f1dij,APAC,Yes
Marlon Mahoney,embtyn,APAC,Yes
Lyla Gibson,qznkkt,EMEA,No
Wade Bean,kfh4ig,EMEA,No
Fernanda Guerrero,2hi45u,North America,Yes
Kali Howard,0e1oc4,EMEA,No
Trinity Glover,ue3rni,North America,Yes
Nora Harrell,mmpgtb,EMEA,No
Ernesto Moore,681lsq,EMEA,No
Toby Galloway,67oo37,APAC,No
Scott Cummings,t0vs5x,North America,No
Camille Romero,igab5s,EMEA,No
Mariyah Rodgers,2wmoxi,APAC,Yes
Cloe Hardin,ucg8jb,EMEA,No
Catalina Garner,jg09hw,EMEA,No
Terrence Ho,evs869,EMEA,No
Lacey Mcmahon,nm0x8g,Latin America,Yes
Cecilia Koch,go0oy5,North America,No
Jayden Bond,8exjey,EMEA,No
Deven York,fdv9i8,EMEA,No
Karley Rogers,cz5gaa,EMEA,No
Alexis Valdez,hdc29b,APAC,No
Winston Sampson,unpqpe,APAC,Yes
Dalton Walsh,35hss4,APAC,Yes
Allyson Warner,vztnbg,EMEA,Yes
Rex Valentine,fc94dr,North America,No
Ali Wood,q7u31l,North America,Yes
Victor Newman,uoqmeo,Africa,No
Elisa Chaney,v8s7s6,North America,No
Nicolas Buckley,ckbqhw,EMEA,No
Waylon Long,lfwuax,EMEA,No
Carlos Taylor,6sv69v,North America,No
Payten Sims,mfw5w5,Latin America,No
Jaxson Thompson,szk8hq,North America,No
Kayden Khan,31sv0n,EMEA,No
Tommy Blankenship,kiqnwh,EMEA,No
Tyree Hinton,nllrrn,APAC,Yes
Davon Barry,w70dd5,EMEA,Yes
Kaleigh Sparks,eezr79,Africa,Yes
Frida Strong,puiy9y,EMEA,No
Audrina Christensen,y1z7oq,EMEA,No
Chandler Santiago,oi3ocx,EMEA,No
Jensen Higgins,p3h9dh,APAC,No
Jordyn Robbins,ouo6e3,North America,No
Dale Bailey,kqw02l,Africa,Yes
Jadyn Keller,xnm8va,EMEA,No
Liam Rowland,6k6ek9,EMEA,No
Naima Dickson,574o5z,North America,No
Camryn Clayton,jbyd17,APAC,No
Kiersten Nixon,t7a6el,EMEA,No
Dane Stuart,by0a4d,Africa,No
Jessie Reilly,ddqgbw,EMEA,Yes
Yareli Barry,c1xnky,EMEA,No
Alexis Silva,c757x9,EMEA,No
Aedan Shields,xziopu,North America,No
Kaitlin Mcgee,7qnwzq,EMEA,No
Gisselle Farrell,jzm1ju,North America,No
Sam Hayes,uuaa3q,North America,No
Lorena Bond,yk6y6g,North America,Yes
Kailee Blevins,60cvmv,EMEA,No
Charlie Maynard,uew34e,EMEA,No
Bailey Hanson,smwrhc,Latin America,No
Xander Boyd,povn1p,North America,No
Joel Curry,rgh08m,EMEA,Yes
Carly Leblanc,4hzzv8,EMEA,No
Rubi Castillo,an2tf6,APAC,No
Gemma Weaver,9nq63c,North America,No
Romeo Ellison,tdxher,North America,No
Marely James,znvmej,Latin America,Yes
Kamari Ayers,0quoqw,APAC,No
Michael Conley,e0rm31,EMEA,Yes
Harrison Wiley,048lq2,EMEA,No
Aniya Matthews,6sq307,EMEA,No
Miracle Aguilar,aadts3,Africa,Yes
Zaniyah Ramirez,76no08,North America,No
Teagan Doyle,pzi76v,EMEA,No
Alijah Martinez,ot72j8,EMEA,Yes
Avah Zamora,w4ukzd,North America,No
Guillermo Key,52z0bi,EMEA,No
Jonathon Morrow,h6oci5,North America,No
Chelsea Herman,yjry4k,North America,No
Aylin Booker,m3566e,Latin America,Yes
Olivia Santana,9rc0mt,EMEA,No
Karlee Miranda,isjhkz,Latin America,No
Marina Dunlap,vccn9d,Latin America,Yes
Kaden Mullen,t7pcp8,EMEA,No
Ariana Zamora,fbh5ej,APAC,No
Jace Carrillo,pl2vtg,North America,Yes
Reyna Hanna,l3in85,Africa,Yes
Wayne Villegas,b92a7b,EMEA,Yes
Lexie Wiggins,7sfz12,Africa,No
Dennis Hansen,w8fc4z,EMEA,No
Heaven James,cvc8vv,EMEA,No
Madisyn Marquez,hwkgdm,North America,No
Jack Sexton,8kldtv,Africa,No
Chaya May,7fw2xv,EMEA,Yes
Rubi Harrison,tt2fvv,EMEA,No
Caden Church,3pqstl,APAC,No
Cullen Lucero,hg81y8,EMEA,Yes
Amelia Mooney,exgog1,North America,Yes
Stacy Mccall,j065l6,EMEA,No
Marlon Mahoney,dvp1ez,Africa,Yes
Lyla Gibson,d3md0i,EMEA,Yes
Wade Bean,h72m70,EMEA,No
Fernanda Guerrero,cmiqgm,Africa,No
Kali Howard,e4reg6,APAC,No
Trinity Glover,pwofmv,APAC,No
Nora Harrell,jrkymt,North America,Yes
Ernesto Moore,19ex5z,Latin America,No
Toby Galloway,2xy5jf,Latin America,Yes
Scott Cummings,wtz8xy,EMEA,No
Camille Romero,oln4t3,North America,No
Mariyah Rodgers,n8npo9,North America,Yes
Cloe Hardin,ai7c07,North America,No
Catalina Garner,18sj60,APAC,No
Terrence Ho,7kvzbb,APAC,Yes
Lacey Mcmahon,k3w57e,EMEA,No
Cecilia Koch,dx080r,North America,No
Jayden Bond,gb5dus,APAC,No
Deven York,afhog4,North America,No
Karley Rogers,sosbxx,EMEA,Yes
Alexis Valdez,4ur3ry,Latin America,No
Winston Sampson,7jzzxl,North America,No
Dalton Walsh,nvmxvl,APAC,Yes
Allyson Warner,v2k0f6,EMEA,No
Rex Valentine,w9hxg7,Latin America,No
Ali Wood,bfv2rg,APAC,No
Victor Newman,8dcxdy,EMEA,No
Elisa Chaney,havs0g,EMEA,No
Nicolas Buckley,399d44,North America,No
Waylon Long,88gn13,North America,No
Carlos Taylor,sgio27,APAC,Yes
Payten Sims,mw7zt6,EMEA,No
Jaxson Thompson,sc48wd,EMEA,No
Kayden Khan,0k3fx1,EMEA,Yes
Tommy Blankenship,nuqyte,APAC,No
Tyree Hinton,csu88n,North America,Yes
Davon Barry,tibgq6,EMEA,No
Kaleigh Sparks,1et6et,North America,No
Frida Strong,2565kt,APAC,No
Audrina Christensen,b6se3q,APAC,Yes
Chandler Santiago,hi4fm0,North America,Yes
Jensen Higgins,7o6ncz,Latin America,No
Jordyn Robbins,3q830y,North America,No
Dale Bailey,aan8d4,EMEA,No
Jadyn Keller,jw75fz,Africa,Yes
Liam Rowland,6i0jlg,EMEA,No
Naima Dickson,oml0iu,APAC,Yes
Camryn Clayton,nwrzum,Latin America,Yes
Kiersten Nixon,lpbyja,North America,No
Dane Stuart,o2ujx3,North America,No
Jessie Reilly,3frgzy,APAC,Yes
Yareli Barry,2xt8ko,EMEA,No
Alexis Silva,hpndrd,EMEA,No
Aedan Shields,45hkzd,North America,No
Kaitlin Mcgee,qord8i,North America,No
Gisselle Farrell,5ytkth,Latin America,Yes
Sam Hayes,lh62b7,EMEA,No
Lorena Bond,rj1lxq,Africa,No
Kailee Blevins,kmqicf,Africa,Yes
Charlie Maynard,e1tsjm,APAC,No
Bailey Hanson,omtqhl,EMEA,No
Xander Boyd,xs2h35,EMEA,No
Joel Curry,gnz0cu,APAC,No
Carly Leblanc,354dhw,EMEA,Yes
Rubi Castillo,ureqq1,North America,No
Gemma Weaver,wdpe2b,EMEA,No
Romeo Ellison,g5ekem,EMEA,No
Marely James,iwxszu,Africa,Yes
Kamari Ayers,kqqo4r,EMEA,Yes
Michael Conley,mieiav,APAC,Yes
Harrison Wiley,vqs9q9,North America,No
Aniya Matthews,p988qo,North America,Yes
Miracle Aguilar,bf4lne,North America,Yes
Zaniyah Ramirez,qd5840,EMEA,No
Teagan Doyle,79xqjc,Africa,No
Alijah Martinez,yiak8f,EMEA,No
Avah Zamora,6mbrwl,EMEA,Yes
Guillermo Key,ba3egt,North America,No
Jonathon Morrow,uyug7e,North America,Yes
Chelsea Herman,4kjo5v,EMEA,Yes
Aylin Booker,674p86,North America,No
Olivia Santana,54xhuf,APAC,Yes
Karlee Miranda,kbbhvx,EMEA,Yes
Marina Dunlap,61xsnd,North America,No
Kaden Mullen,9qacge,Africa,Yes
Ariana Zamora,palsz1,EMEA,No
Jace Carrillo,kp56i4,North America,No
Reyna Hanna,vcbb0l,APAC,Yes
Wayne Villegas,8fv2o2,North America,No
Lexie Wiggins,r6k8j7,EMEA,No
Dennis Hansen,l4mun6,APAC,Yes
Heaven James,ud9si5,APAC,Yes
Madisyn Marquez,82u80l,North America,Yes
Jack Sexton,jebfjv,EMEA,No
Chaya May,y0y4ms,APAC,No
Rubi Harrison,4j8uti,EMEA,No
Caden Church,nmi6dg,EMEA,No
Cullen Lucero,j2ffb7,EMEA,No
Amelia Mooney,ccobht,EMEA,No
Stacy Mccall,wm2t6v,APAC,No
Marlon Mahoney,fxl9dn,EMEA,No
Lyla Gibson,p6wu33,EMEA,No
Wade Bean,yz4jpl,Latin America,No
Fernanda Guerrero,3h7nq1,EMEA,No
Kali Howard,dtfngg,EMEA,No
Trinity Glover,mfah1g,EMEA,Yes
Nora Harrell,n7uyjt,North America,No
Ernesto Moore,1insm3,EMEA,No
Toby Galloway,o7awzo,Latin America,No
Scott Cummings,p69je6,APAC,Yes
Camille Romero,v0p7e4,APAC,No
Mariyah Rodgers,4etbx1,APAC,No
Cloe Hardin,fee7es,APAC,No
Catalina Garner,xjqe4v,APAC,No
Terrence Ho,ua04s1,North America,No
Lacey Mcmahon,r3dx0z,APAC,No
Cecilia Koch,dxm2n6,EMEA,No
Jayden Bond,voo341,North America,No
Deven York,h1kpaw,North America,No
Karley Rogers,bfakai,APAC,No
Alexis Valdez,cxg5mm,EMEA,No
Winston Sampson,0gz6q8,North America,No
Dalton Walsh,6jxjfp,APAC,No
Allyson Warner,gjxct2,North America,No
Rex Valentine,3gbcdd,North America,Yes
Ali Wood,6dlgka,EMEA,No
Victor Newman,hf4u92,North America,No
Elisa Chaney,lefwlo,EMEA,No
Nicolas Buckley,s0e6sc,North America,No
Waylon Long,d45mng,North America,No
Carlos Taylor,q3nwx8,EMEA,Yes
Payten Sims,vzuw1k,EMEA,No
Jaxson Thompson,2d7t4q,North America,No
Kayden Khan,21dpdm,North America,No
Tommy Blankenship,xxe6oe,North America,No
Tyree Hinton,i7t3am,EMEA,No
Davon Barry,wkt726,North America,Yes
Kaleigh Sparks,41yaa1,EMEA,No
Frida Strong,ahd7sd,North America,No
Audrina Christensen,a3sg85,APAC,No
Chandler Santiago,c12hph,APAC,No
Jensen Higgins,vwmh22,Latin America,Yes
Jordyn Robbins,za4wta,North America,Yes
Dale Bailey,h40ap3,North America,No
Jadyn Keller,0hxbek,North America,Yes
Liam Rowland,lxl02y,EMEA,No
Naima Dickson,uaajnf,APAC,No
Camryn Clayton,5gb4a6,APAC,Yes
Kiersten Nixon,wpwbxg,APAC,Yes
Dane Stuart,2umnhr,North America,No
Jessie Reilly,z9s3w6,EMEA,No
Yareli Barry,iodiod,EMEA,No
Alexis Silva,xcm2kw,North America,No
Aedan Shields,h1izt6,Africa,No
Kaitlin Mcgee,6nw190,APAC,No
Gisselle Farrell,vo7q1h,EMEA,No
Sam Hayes,b1vnuq,EMEA,No
Lorena Bond,hdv7vj,EMEA,No
Kailee Blevins,u3tk0o,APAC,No
Charlie Maynard,i4yeof,APAC,No
Bailey Hanson,5cuan3,EMEA,No
Xander Boyd,eye8xn,Africa,No
Joel Curry,6qi28l,EMEA,Yes
Carly Leblanc,agm9to,North America,No
Rubi Castillo,4ine87,North America,No
Gemma Weaver,n7oyss,North America,No
Romeo Ellison,vfb9ky,Latin America,No
Marely James,03ykq8,EMEA,Yes
Kamari Ayers,f72nja,North America,No
Michael Conley,mn9ub7,North America,Yes
Harrison Wiley,z8hh81,North America,No
Aniya Matthews,j2d6w9,North America,No
Miracle Aguilar,6h6fav,Africa,No
Zaniyah Ramirez,9t7lms,EMEA,Yes
Teagan Doyle,6fpted,APAC,No
Alijah Martinez,tjvv0j,APAC,No
Avah Zamora,7bma1u,EMEA,No
Guillermo Key,b078a0,APAC,Yes
Jonathon Morrow,xaeh4q,APAC,No
Chelsea Herman,9do1dt,Latin America,No
Aylin Booker,vchhee,EMEA,No
Olivia Santana,5vva5a,EMEA,No
Karlee Miranda,7ufrk7,APAC,No
Marina Dunlap,dn1dw1,EMEA,No
Kaden Mullen,etbd4h,North America,No
Ariana Zamora,yxs626,North America,No
Jace Carrillo,7selmm,EMEA,No
Reyna Hanna,cd08pf,Africa,No
Wayne Villegas,jdif4a,North America,No
Lexie Wiggins,9oxak9,EMEA,No
Dennis Hansen,dsy3f6,APAC,No
Heaven James,8wbqgk,North America,No
Madisyn Marquez,sw6dv6,North America,No
Jack Sexton,nrkosl,APAC,No
Chaya May,uhu6cm,EMEA,No
Rubi Harrison,2z9c0h,North America,No
Caden Church,vljh42,North America,No
Cullen Lucero,tcpm4f,North America,No
Amelia Mooney,7uaxpy,Latin America,No
Stacy Mccall,3xqydc,APAC,No
Marlon Mahoney,dbszu1,EMEA,No
Lyla Gibson,2ujbyw,North America,No
Wade Bean,jgqbcw,EMEA,No
Fernanda Guerrero,xk6z56,North America,No
Kali Howard,tzrdkd,APAC,No
Trinity Glover,l6ns8n,North America,Yes
Nora Harrell,bbe7pb,Africa,Yes
Ernesto Moore,ha4wzc,EMEA,No
Toby Galloway,08wfvy,North America,No
Scott Cummings,m5sjqa,North America,No
Camille Romero,8fi0xg,North America,No
Mariyah Rodgers,2oflwn,Africa,No
Cloe Hardin,060bpk,EMEA,No
Catalina Garner,g6b6wr,North America,No
Terrence Ho,2sd58a,EMEA,No
Lacey Mcmahon,4in685,North America,Yes
Cecilia Koch,7db02n,APAC,No
Jayden Bond,bk2k6y,Africa,Yes
Deven York,cgcvxw,EMEA,No
Karley Rogers,jiatd3,EMEA,No
Alexis Valdez,4w0vq4,North America,No
Winston Sampson,9030oj,EMEA,No
Dalton Walsh,q40o7l,EMEA,No
Allyson Warner,rs5sog,EMEA,No
Rex Valentine,2mpgbq,Africa,No
Ali Wood,tjvems,EMEA,No
Victor Newman,xqvd0t,Latin America,No
Elisa Chaney,whay3k,North America,Yes
Nicolas Buckley,4i7s3o,APAC,No
Waylon Long,78cz57,North America,No
Carlos Taylor,gat13j,North America,Yes
Payten Sims,6opyu1,APAC,No
Jaxson Thompson,0cy1pq,North America,No
Kayden Khan,hycrsi,EMEA,No
Tommy Blankenship,78492s,Latin America,Yes
Tyree Hinton,ojiqti,EMEA,No
Davon Barry,dpltnf,EMEA,No
Kaleigh Sparks,lw4s9o,Africa,Yes
Frida Strong,4mgqwq,North America,Yes
Audrina Christensen,wuo8jj,EMEA,Yes
Chandler Santiago,o0xrar,North America,No
Jensen Higgins,oei6wc,EMEA,Yes
Jordyn Robbins,8y41nh,EMEA,No
Dale Bailey,abje3q,North America,No
Jadyn Keller,6f7s7a,North America,No
Liam Rowland,dr9x4x,Africa,Yes
Naima Dickson,97sknn,APAC,No
Camryn Clayton,srkgoi,Latin America,No
Kiersten Nixon,jhouor,EMEA,No
Dane Stuart,hoau3d,North America,No
Jessie Reilly,p2bdx9,APAC,Yes
Yareli Barry,hifgld,APAC,No
Alexis Silva,qmczh2,EMEA,Yes
Aedan Shields,nlnak2,North America,No
Kaitlin Mcgee,tmxsi8,EMEA,No
Gisselle Farrell,4rv98f,North America,No
Sam Hayes,srcmi0,APAC,Yes
Lorena Bond,1n3f6t,APAC,No
Kailee Blevins,sl1saf,EMEA,No
Charlie Maynard,cwvb9o,EMEA,No
Bailey Hanson,lyu4ut,APAC,Yes
Xander Boyd,cy5xl0,EMEA,No
Joel Curry,1tx44y,EMEA,No
Carly Leblanc,nznsao,APAC,Yes
Rubi Castillo,era219,North America,No
Gemma Weaver,op24an,EMEA,No
Romeo Ellison,a3x43p,APAC,No
Marely James,hsss6s,APAC,No
Kamari Ayers,sd5iox,EMEA,Yes
Michael Conley,rlbbqt,APAC,No
Harrison Wiley,jr34gm,EMEA,No
Aniya Matthews,6bn0l3,EMEA,No
Miracle Aguilar,pfyb3m,APAC,Yes
Zaniyah Ramirez,oa0uqe,EMEA,No
Teagan Doyle,2572h6,Latin America,Yes
Alijah Martinez,5g5zk1,Africa,Yes
Avah Zamora,fqz9pl,EMEA,No
Guillermo Key,bhcd3p,North America,No
Jonathon Morrow,1knq0z,EMEA,No
Chelsea Herman,kmohfi,North America,No
Aylin Booker,8irn5j,APAC,No
Olivia Santana,c2grdl,APAC,No
Karlee Miranda,00gw3k,North America,No
Marina Dunlap,yzpl5w,North America,Yes
Kaden Mullen,ls14xe,EMEA,No
Ariana Zamora,gjgfsp,North America,No
Jace Carrillo,6rjy1h,EMEA,No
Reyna Hanna,dg6z2t,EMEA,No
Wayne Villegas,gb15fa,Africa,No
Lexie Wiggins,ormxe9,Latin America,No
Dennis Hansen,pnrk2a,EMEA,No
Heaven James,bmho3c,EMEA,No
Madisyn Marquez,81udgv,APAC,Yes
Jack Sexton,hkfnw1,North America,Yes
Chaya May,mu5tpn,EMEA,No
Rubi Harrison,xhis9q,North America,Yes
Caden Church,b2qjzm,North America,No
Cullen Lucero,rtf5q2,North America,No
Amelia Mooney,rqfjcb,EMEA,Yes
Stacy Mccall,2v5yfj,APAC,Yes
Marlon Mahoney,kllgwm,North America,No
Lyla Gibson,nwuevq,North America,No
Wade Bean,w992xs,North America,No
Fernanda Guerrero,ggrzg0,North America,No
Kali Howard,kxjatc,APAC,No
Trinity Glover,fvcd83,North America,No
Nora Harrell,njul27,North America,No
Ernesto Moore,od50q4,APAC,No
Toby Galloway,ebjbg2,EMEA,No
Scott Cummings,dinyiu,North America,No
Camille Romero,ieu193,APAC,Yes
Mariyah Rodgers,bzxb2u,EMEA,No
Cloe Hardin,tde0a9,North America,No
Catalina Garner,dlqn8i,North America,No
Terrence Ho,fdwszm,EMEA,Yes
Lacey Mcmahon,r9c6yk,North America,No
Cecilia Koch,525kxs,APAC,Yes
Jayden Bond,rjsnjt,North America,No
Deven York,3ae4jr,Latin America,Yes
Karley Rogers,oyxxb8,North America,No
Alexis Valdez,g8pe8q,APAC,No
Winston Sampson,t1pyf3,EMEA,No
Dalton Walsh,6b057y,North America,Yes
Allyson Warner,ktp6p5,Africa,No
Rex Valentine,ezaorq,Latin America,No
Ali Wood,ayh236,North America,No
Victor Newman,tqf3e9,North America,No
Elisa Chaney,tkbmka,EMEA,No
Nicolas Buckley,ibpjhr,Africa,No
Waylon Long,r9vsf6,North America,No
Carlos Taylor,ms66sq,Africa,Yes
Payten Sims,w07cpk,North America,No
Jaxson Thompson,kc8omo,EMEA,No
Kayden Khan,jsbr85,Africa,No
Tommy Blankenship,d85aet,North America,No
Tyree Hinton,w3ucpq,APAC,Yes
Davon Barry,km6vnd,EMEA,No
Kaleigh Sparks,p9bi1l,North America,No
Frida Strong,6r8gxg,Latin America,No
Audrina Christensen,h1e81p,Africa,Yes
Chandler Santiago,i01pkt,EMEA,No
Jensen Higgins,yvkbdj,EMEA,No
Jordyn Robbins,lq0a5d,EMEA,No
Dale Bailey,jv6d86,EMEA,No
Jadyn Keller,3eof9a,Africa,Yes
Liam Rowland,apsfv1,APAC,No
Naima Dickson,vqol6v,North America,Yes
Camryn Clayton,6ios6g,Latin America,Yes
Kiersten Nixon,ev5m2e,APAC,No
Dane Stuart,gzjstv,North America,No
Jessie Reilly,exayb1,EMEA,No
Yareli Barry,72m65a,North America,No
Alexis Silva,a6531j,EMEA,No
Aedan Shields,g1ybf8,EMEA,Yes
Kaitlin Mcgee,zx72hp,North America,Yes
Gisselle Farrell,498x6k,APAC,No
Sam Hayes,shkgq1,North America,No
Lorena Bond,1sgwx7,EMEA,No
Kailee Blevins,o5fxbu,APAC,No
Charlie Maynard,47q2nl,APAC,Yes
Bailey Hanson,482ntq,Latin America,Yes
Xander Boyd,4g7bz5,North America,No
Joel Curry,kt3n7p,North America,No
Carly Leblanc,e7nt8j,EMEA,No
Rubi Castillo,8orrn4,North America,No
Gemma Weaver,8sxhl2,EMEA,No
Romeo Ellison,yda949,EMEA,No
Marely James,2lpqbg,APAC,Yes
Kamari Ayers,r7h746,APAC,No
Michael Conley,e3p3ns,EMEA,No
Harrison Wiley,lvzh7m,North America,Yes
Aniya Matthews,p3tt0k,North America,No
Miracle Aguilar,dgimx7,EMEA,No
Zaniyah Ramirez,txg6kz,North America,Yes
Teagan Doyle,q8xt2l,EMEA,No
Alijah Martinez,0em20m,APAC,Yes
Avah Zamora,kiz5q2,APAC,No
Guillermo Key,pt55hi,EMEA,No
Jonathon Morrow,d98lkn,EMEA,No
Chelsea Herman,28moz5,EMEA,No
Aylin Booker,k4epza,North America,Yes
Olivia Santana,2xt482,North America,No
Karlee Miranda,m18k7q,APAC,No
Marina Dunlap,idtpje,North America,No
Kaden Mullen,k90te9,North America,No
Ariana Zamora,qhhk61,EMEA,No
Jace Carrillo,dkmdkh,EMEA,No
Reyna Hanna,gmjp8n,North America,No
Wayne Villegas,ljhyjo,APAC,No
Lexie Wiggins,5x0fi7,Latin America,No
Dennis Hansen,rdatxd,North America,No
Heaven James,1vod0z,EMEA,No
Madisyn Marquez,13e9ls,North America,No
Jack Sexton,5zhwu3,APAC,No
Chaya May,fn7d9s,EMEA,No
Rubi Harrison,gbaxwd,North America,Yes
Caden Church,7ot0tj,APAC,No
Cullen Lucero,nfwgeg,EMEA,No
Amelia Mooney,wu40ni,APAC,No
Stacy Mccall,wwu0m1,North America,No
Marlon Mahoney,ttkenk,EMEA,No
Lyla Gibson,w3i41u,Africa,Yes
Wade Bean,w70vz6,North America,Yes
Fernanda Guerrero,gcwni3,North America,No
Kali Howard,yd496q,EMEA,No
Trinity Glover,mp4xat,EMEA,No
Nora Harrell,er4l5r,EMEA,No
Ernesto Moore,924m9a,Africa,Yes
Toby Galloway,02d9pe,EMEA,No
Scott Cummings,h7ty4k,APAC,No
Camille Romero,pomsdl,North America,No
Mariyah Rodgers,35lz8k,EMEA,No
Cloe Hardin,uw4nea,EMEA,No
Catalina Garner,fknn9r,North America,No
Terrence Ho,u94tew,APAC,No
Lacey Mcmahon,bczq88,North America,No
Cecilia Koch,f96yg2,North America,No
Jayden Bond,9f0sh0,Latin America,No
Deven York,0hs8ue,EMEA,No
Karley Rogers,w10mbm,APAC,No
Alexis Valdez,cyxfbh,North America,Yes
Winston Sampson,xoijvk,Africa,Yes
Dalton Walsh,xf5h8f,APAC,No
Allyson Warner,wcusmv,EMEA,No
Rex Valentine,7h8uwo,EMEA,Yes
Ali Wood,dvel68,APAC,No
Victor Newman,d7kbjc,EMEA,No
Elisa Chaney,zpcaby,North America,No
Nicolas Buckley,q7imau,North America,No
Waylon Long,5qshrm,APAC,No
Carlos Taylor,6q5137,EMEA,Yes
Payten Sims,x0m0yt,APAC,No
Jaxson Thompson,7q1edv,EMEA,Yes
Kayden Khan,pol0f6,North America,No
Tommy Blankenship,pi4q4h,Africa,Yes
Tyree Hinton,utpoav,North America,No
Davon Barry,ai2p0k,EMEA,No
Kaleigh Sparks,i42fw5,North America,Yes
Frida Strong,yonvhm,EMEA,No
Audrina Christensen,m4s364,APAC,Yes
Chandler Santiago,75ltb1,North America,No
Jensen Higgins,evvpbi,North America,No
Jordyn Robbins,d8iypg,Latin America,No
Dale Bailey,2sc73g,North America,No
Jadyn Keller,8tyg1n,North America,Yes
Liam Rowland,ei17ck,APAC,No
Naima Dickson,3b5kby,EMEA,No
Camryn Clayton,e8cbyw,EMEA,No
Kiersten Nixon,4e6u3r,Latin America,No
Dane Stuart,1khk2u,EMEA,No
Jessie Reilly,uqlz8g,North America,No
Yareli Barry,61v5q0,APAC,Yes
Alexis Silva,ousgna,APAC,No
Aedan Shields,94stt6,EMEA,No
Kaitlin Mcgee,g6o6s7,North America,No
Gisselle Farrell,vcjf8u,EMEA,No
Sam Hayes,wcfgpp,North America,No
Lorena Bond,pw87rg,North America,No
Kailee Blevins,7o7j8d,North America,No
Charlie Maynard,4wf47r,Africa,No
Bailey Hanson,uki35c,North America,No
Xander Boyd,qd82jb,Latin America,No
Joel Curry,4cfu7h,Latin America,No
Carly Leblanc,qulpy4,North America,No
Rubi Castillo,svubat,North America,Yes
Gemma Weaver,dco7k0,EMEA,No
Romeo Ellison,m0h7ru,Africa,No
Marely James,gn7gks,North America,No
Kamari Ayers,2k0ujw,North America,Yes
Michael Conley,qj7aps,EMEA,No
Harrison Wiley,wqka7x,Africa,No
Aniya Matthews,if71js,APAC,Yes
Miracle Aguilar,vgadjc,North America,No
Zaniyah Ramirez,gdl3mk,EMEA,No
Teagan Doyle,00hld3,Latin America,Yes
Alijah Martinez,0oxbxu,EMEA,No
Avah Zamora,av7d3r,North America,Yes
Guillermo Key,9yw65k,APAC,Yes
Jonathon Morrow,i1zj3l,APAC,Yes
Chelsea Herman,xa4zy3,EMEA,No
Aylin Booker,la92tz,North America,Yes
Olivia Santana,di5zmk,Latin America,No
Karlee Miranda,2w6m82,EMEA,No
Marina Dunlap,l9ruv1,EMEA,No
Kaden Mullen,3zwtzg,EMEA,No
Ariana Zamora,abw1eo,EMEA,No
Jace Carrillo,a7bi6t,EMEA,No
Reyna Hanna,bll3ve,EMEA,No
Wayne Villegas,h1qk5h,North America,No
Lexie Wiggins,tn5b9l,EMEA,No
Dennis Hansen,9mreu0,Africa,No
Heaven James,cbmqqz,EMEA,No
Madisyn Marquez,499pzx,North America,Yes
Jack Sexton,nsgeqd,North America,Yes
Chaya May,g5zj1y,North America,No
Rubi Harrison,t7ldju,APAC,Yes
Caden Church,lstu7n,EMEA,No
Cullen Lucero,x795x4,North America,No
Amelia Mooney,a1d3rn,EMEA,Yes
Stacy Mccall,wpb1i8,North America,No
Marlon Mahoney,q0oxqk,North America,No
Lyla Gibson,p2kyhk,EMEA,No
Wade Bean,dnevob,North America,Yes
Fernanda Guerrero,64q94e,EMEA,No
Kali Howard,jycmo4,EMEA,No
Trinity Glover,2212j9,Latin America,No
Nora Harrell,zcp3xj,EMEA,No
Ernesto Moore,xqyfe3,Africa,No
Toby Galloway,bwrl2c,EMEA,No
Scott Cummings,oscbkx,Latin America,Yes
Camille Romero,ig3lp0,North America,No
Mariyah Rodgers,wh7d5n,EMEA,No
Cloe Hardin,c74gww,EMEA,No
Catalina Garner,oxgnk1,EMEA,Yes
Terrence Ho,n9yj8v,Latin America,Yes
Lacey Mcmahon,r1beaf,APAC,No
Cecilia Koch,rn7j09,APAC,Yes
Jayden Bond,fbo5ig,EMEA,No
Deven York,srme3k,Africa,Yes
Karley Rogers,t2ilm1,EMEA,No
Alexis Valdez,yx1t77,EMEA,Yes
Winston Sampson,1z8gqi,EMEA,No
Dalton Walsh,2limig,Latin America,No
Allyson Warner,38wibt,EMEA,No
Rex Valentine,m4yh6t,APAC,No
Ali Wood,7ixhif,EMEA,No
Victor Newman,cjks1h,EMEA,No
Elisa Chaney,4wzs9n,APAC,No
Nicolas Buckley,0zoplc,EMEA,Yes
Waylon Long,ujohm6,Africa,Yes
Carlos Taylor,p6o2eg,EMEA,No
Payten Sims,wa9eno,APAC,Yes
Jaxson Thompson,mcwmgv,Latin America,No
Kayden Khan,2nxva3,EMEA,No
Tommy Blankenship,i0le80,APAC,No
Tyree Hinton,3twg99,North America,Yes
Davon Barry,zb6dna,North America,No
Kaleigh Sparks,mylrid,EMEA,Yes
Frida Strong,vrwnm1,APAC,Yes
Audrina Christensen,4n4m6j,EMEA,No
Chandler Santiago,ffgk16,APAC,No
Jensen Higgins,ohinsx,EMEA,No
Jordyn Robbins,qo6yb6,North America,No
Dale Bailey,mq2k06,APAC,No
Jadyn Keller,697n25,APAC,No
Liam Rowland,p3tsqx,APAC,No
Naima Dickson,dslyi8,North America,No
Camryn Clayton,bep7wc,North America,No
Kiersten Nixon,ay3qsy,North America,No
Dane Stuart,gyq8ny,EMEA,No
Jessie Reilly,kn3ny3,North America,Yes
Yareli Barry,urvwpv,North America,No
Alexis Silva,f67k9c,EMEA,No
Aedan Shields,tcqyjy,APAC,No
Kaitlin Mcgee,5ebhyj,EMEA,No
Gisselle Farrell,lh0uwf,APAC,No
Sam Hayes,aa90jf,Africa,Yes
Lorena Bond,ial4rw,EMEA,No
Kailee Blevins,4brr7b,North America,Yes
Charlie Maynard,x5jxad,EMEA,No
Bailey Hanson,3a5y61,EMEA,No
Xander Boyd,d20966,North America,Yes
Joel Curry,2dhc77,North America,No
Carly Leblanc,x50ccf,North America,No
Rubi Castillo,f1br5s,APAC,No
Gemma Weaver,clc6jy,APAC,No
Romeo Ellison,1ubtoi,North America,No
Marely James,jx3bs9,EMEA,No
Kamari Ayers,zsapck,North America,No
Michael Conley,alhpcu,EMEA,No
Harrison Wiley,uvn8v5,Latin America,No
Aniya Matthews,9glpt7,North America,No
Miracle Aguilar,vqsitx,North America,No
Zaniyah Ramirez,j2y8jo,APAC,Yes
Teagan Doyle,ob5pfc,EMEA,No
Alijah Martinez,tyiazh,North America,No
Avah Zamora,2ad3w9,APAC,Yes
Guillermo Key,4naew2,EMEA,Yes
Jonathon Morrow,dl8kv8,EMEA,Yes
Chelsea Herman,dv169p,EMEA,No
Aylin Booker,hiv5gn,Latin America,No
Olivia Santana,g9r6ag,North America,Yes
Karlee Miranda,qpmcit,North America,No
Marina Dunlap,4l3jc5,North America,No
Kaden Mullen,jklq39,EMEA,No
Ariana Zamora,9tyhrz,APAC,No
Jace Carrillo,2zllv5,North America,No
Reyna Hanna,i3xe7y,North America,No
Wayne Villegas,3vrrva,Africa,Yes
Lexie Wiggins,s0hb0v,APAC,No
Dennis Hansen,6hyyzm,North America,No
Heaven James,3itcfu,North America,No
Madisyn Marquez,x1dlxz,Latin America,No
Jack Sexton,slxtfx,APAC,No
Chaya May,fvzx37,EMEA,Yes
Rubi Harrison,l8hagx,Africa,Yes
Caden Church,1qhpon,North America,No
Cullen Lucero,p3hfue,North America,No
Amelia Mooney,hw8a05,EMEA,Yes
Stacy Mccall,8ids12,APAC,No
Marlon Mahoney,nwfkg2,North America,Yes
Lyla Gibson,28vcap,APAC,Yes
Wade Bean,770sht,EMEA,Yes
Fernanda Guerrero,ux6cfv,EMEA,No
Kali Howard,vl7zu6,Latin America,Yes
Trinity Glover,c0gi3l,APAC,No
Nora Harrell,k8q5bx,APAC,No
Ernesto Moore,viej03,North America,No
Toby Galloway,olhkvy,North America,No
Scott Cummings,3lx18s,APAC,Yes
Camille Romero,pt04hv,EMEA,Yes
Mariyah Rodgers,b2cjvd,North America,No
Cloe Hardin,trt2la,APAC,Yes
Catalina Garner,6lf2ca,North America,No
Terrence Ho,l1imoj,EMEA,No
Lacey Mcmahon,9wkdjj,APAC,No
Cecilia Koch,sg7vek,APAC,No
Jayden Bond,xaokvm,APAC,Yes
Deven York,rlwji4,EMEA,No
Karley Rogers,23grmw,North America,No
Alexis Valdez,riowa6,EMEA,No
Winston Sampson,ik3su5,EMEA,No
Dalton Walsh,0kr7ck,EMEA,No
Allyson Warner,i49pbc,EMEA,No
Rex Valentine,dl92da,APAC,No
Ali Wood,4wsr8v,North America,No
Victor Newman,tunup2,North America,No
Elisa Chaney,j06zal,APAC,No
Nicolas Buckley,kyahcd,EMEA,Yes
Waylon Long,ego6n0,EMEA,No
Carlos Taylor,b5ooo1,North America,No
Payten Sims,isw1mo,APAC,No
Jaxson Thompson,3qd0ga,EMEA,No
Kayden Khan,srw4ah,EMEA,No
Tommy Blankenship,gry9sn,North America,Yes
Tyree Hinton,2frq4v,EMEA,No
Davon Barry,xdilhd,Africa,Yes
Kaleigh Sparks,y9h4e7,EMEA,Yes
Frida Strong,uya5d3,North America,No
Audrina Christensen,cf8s1d,EMEA,No
Chandler Santiago,77u9h4,EMEA,Yes
Jensen Higgins,t3lzh8,APAC,Yes
Jordyn Robbins,gco84c,North America,No
Dale Bailey,njkl1q,APAC,No
Jadyn Keller,9dtrwq,North America,No
Liam Rowland,1m20r9,APAC,No
Naima Dickson,ivzxxf,EMEA,No
Camryn Clayton,cuf2nn,EMEA,No
Kiersten Nixon,a0teii,EMEA,No
Dane Stuart,wu0yxs,North America,No
Jessie Reilly,ki9j99,EMEA,No
Yareli Barry,snos6o,APAC,No
Alexis Silva,urcmq7,EMEA,No
Aedan Shields,eot4mi,APAC,No
Kaitlin Mcgee,3gx6p4,EMEA,No
Gisselle Farrell,f3jm3w,Africa,Yes
Sam Hayes,8px0cd,North America,No
Lorena Bond,b7imd6,North America,No
Kailee Blevins,l8gd3o,Latin America,Yes
Charlie Maynard,ss9yv6,EMEA,No
Bailey Hanson,z4cseg,EMEA,No
Xander Boyd,ioxnlx,North America,No
Joel Curry,chcahk,North America,Yes
Carly Leblanc,1v8k13,APAC,No
Rubi Castillo,ww37ch,EMEA,Yes
Gemma Weaver,szver0,EMEA,Yes
Romeo Ellison,ll8s5w,EMEA,Yes
Marely James,4bxmmr,North America,Yes
Kamari Ayers,5id82d,EMEA,Yes
Michael Conley,lijfkk,EMEA,No
Harrison Wiley,kzlgh5,North America,No
Aniya Matthews,kruaeh,Latin America,No
Miracle Aguilar,iv6kg9,EMEA,No
Zaniyah Ramirez,otcr88,North America,Yes
Teagan Doyle,00gtxw,North America,No
Alijah Martinez,xc1aye,North America,No
Avah Zamora,36sjot,EMEA,Yes
Guillermo Key,r3zw7i,APAC,No
Jonathon Morrow,4fw4oe,EMEA,No
Chelsea Herman,vstd1z,EMEA,No
Aylin Booker,imhmmo,Africa,No
Olivia Santana,s4f6vp,North America,Yes
Karlee Miranda,dzmvry,North America,Yes
Marina Dunlap,ocdkie,EMEA,No
Kaden Mullen,4xadrm,EMEA,No
Ariana Zamora,48rkod,APAC,Yes
Jace Carrillo,wiqpqx,North America,No
Reyna Hanna,yhj4xb,Africa,Yes
Wayne Villegas,571hyo,North America,Yes
Lexie Wiggins,efyumx,EMEA,No
Dennis Hansen,6duy70,EMEA,No
Heaven James,zpd575,Africa,Yes
Madisyn Marquez,rgs6qy,EMEA,No
Jack Sexton,lbctpp,Africa,No
Chaya May,qx0yl4,APAC,Yes
Rubi Harrison,9vob1a,EMEA,Yes
Caden Church,ahs4sm,North America,No
Cullen Lucero,24yxo4,APAC,Yes
Amelia Mooney,guib1f,North America,No
Stacy Mccall,egq5je,APAC,No
Marlon Mahoney,dfkvoe,EMEA,No
Lyla Gibson,swwpsw,EMEA,No
Wade Bean,5p4enp,EMEA,No
Fernanda Guerrero,t61xlk,EMEA,No
Kali Howard,f69kek,EMEA,No
Trinity Glover,jm032s,APAC,Yes
Nora Harrell,a00jm0,APAC,Yes
Ernesto Moore,tflo8j,APAC,No
Toby Galloway,901slv,North America,Yes
Scott Cummings,q8fnv5,EMEA,No
Camille Romero,ueuxdr,North America,No
Mariyah Rodgers,87afli,North America,No
Cloe Hardin,itpipz,APAC,No
Catalina Garner,oqg8ei,North America,No
Terrence Ho,pyaedb,EMEA,No
Lacey Mcmahon,zeua2d,North America,No
Cecilia Koch,ovnifg,EMEA,No
Jayden Bond,5q5gh1,APAC,Yes
Deven York,cwnrsu,North America,No
Karley Rogers,evg78a,EMEA,No
Alexis Valdez,jrzyla,Latin America,No
Winston Sampson,eo5rbr,APAC,No
Dalton Walsh,wl6jwr,North America,No
Allyson Warner,4954u5,North America,No
Rex Valentine,ushu2w,North America,No
Ali Wood,o5j7mu,Africa,Yes
Victor Newman,n5d2od,North America,No
Elisa Chaney,7cd3gk,North America,No
Nicolas Buckley,qd8mov,Latin America,Yes
Waylon Long,3hebgp,EMEA,No
Carlos Taylor,ld3av0,EMEA,Yes
Payten Sims,xrtwl9,APAC,No
Jaxson Thompson,ut2sld,Latin America,Yes
Kayden Khan,zd8xso,APAC,No
Tommy Blankenship,uc5f0k,North America,No
Tyree Hinton,ym33ux,APAC,Yes
Davon Barry,aj8tha,EMEA,No
Kaleigh Sparks,eeoccs,EMEA,No
Frida Strong,atk0cs,North America,No
Audrina Christensen,llsxdc,Latin America,No
Chandler Santiago,aerlby,Latin America,Yes
Jensen Higgins,0wwkiv,North America,Yes
Jordyn Robbins,cddqrb,North America,No
Dale Bailey,5d6ybc,EMEA,No
Jadyn Keller,9sop9e,North America,No
Liam Rowland,c5n3yb,EMEA,No
Naima Dickson,hrl6yn,APAC,Yes
Camryn Clayton,kiqvm7,APAC,Yes
Kiersten Nixon,tfv5y8,North America,No
Dane Stuart,77lnte,North America,No
Jessie Reilly,29aql1,EMEA,No
Yareli Barry,hahau5,EMEA,Yes
Alexis Silva,i51tse,EMEA,Yes
Aedan Shields,2o9til,North America,No
Kaitlin Mcgee,3kiq9e,North America,No
Gisselle Farrell,lwuign,EMEA,No
Sam Hayes,11mh0k,EMEA,Yes
Lorena Bond,9q52o4,EMEA,No
Kailee Blevins,7okai2,APAC,No
Charlie Maynard,vvpgxk,North America,Yes
Bailey Hanson,jkru3s,Latin America,No
Xander Boyd,hf4r2l,Latin America,No
Joel Curry,vk7rpm,APAC,Yes
Carly Leblanc,700r28,EMEA,No
Rubi Castillo,zndqf1,North America,No
Gemma Weaver,jy50h1,North America,No
Romeo Ellison,dqn1cm,APAC,Yes
Marely James,xph44b,North America,Yes
Kamari Ayers,aajb8n,North America,No
Michael Conley,bwvvyj,APAC,No
Harrison Wiley,sfbyaf,North America,No
Aniya Matthews,slwft5,North America,No
Miracle Aguilar,nke2n9,APAC,Yes
Zaniyah Ramirez,tf8j3j,EMEA,No
Teagan Doyle,mnxvop,North America,Yes
Alijah Martinez,aqfw01,EMEA,No
Avah Zamora,2l1z4c,North America,No
Guillermo Key,r89ydm,North America,No
Jonathon Morrow,vl2jh5,EMEA,Yes
Chelsea Herman,25cf99,APAC,Yes
Aylin Booker,4gza32,North America,No
Olivia Santana,3mtok5,EMEA,No
Karlee Miranda,yzbes7,APAC,Yes
Marina Dunlap,hjk11d,Africa,No
Kaden Mullen,cxnygl,North America,No
Ariana Zamora,dac5sp,EMEA,Yes
Jace Carrillo,vpbov0,North America,Yes
Reyna Hanna,d8875c,APAC,No
Wayne Villegas,fnilsx,North America,No
Lexie Wiggins,b0b1pc,EMEA,No
Dennis Hansen,gxpos1,North America,Yes
Heaven James,3pp9ay,EMEA,No
Madisyn Marquez,9nrpnu,EMEA,No
Jack Sexton,3y5pyz,North America,Yes
Chaya May,ji32kt,EMEA,Yes
Rubi Harrison,2govfb,North America,No
Caden Church,z595mn,EMEA,No
Cullen Lucero,5njcgd,EMEA,Yes
Amelia Mooney,dz7bjf,APAC,No
Stacy Mccall,4d40bd,Latin America,Yes
Marlon Mahoney,2gkorq,North America,No
Lyla Gibson,1p1jm8,Latin America,No
Wade Bean,i0vrh4,North America,No
Fernanda Guerrero,t98cx4,North America,No
Kali Howard,2q57ux,EMEA,No
Trinity Glover,9oq4c8,North America,No
Nora Harrell,nlcfne,EMEA,No
Ernesto Moore,xpv4en,North America,No
Toby Galloway,fflmwg,Latin America,No
Scott Cummings,iyt72x,North America,No
Camille Romero,vrmwrm,APAC,No
Mariyah Rodgers,iynmnb,North America,No
Cloe Hardin,q35vqd,APAC,No
Catalina Garner,tfmnm0,North America,No
Terrence Ho,kerh97,APAC,No
Lacey Mcmahon,onciae,North America,Yes
Cecilia Koch,g4gjuu,North America,No
Jayden Bond,wo1d2c,EMEA,No
Deven York,xjdm75,North America,No
Karley Rogers,rm4ot0,APAC,No
Alexis Valdez,4yl1pe,APAC,No
Winston Sampson,cgqpoe,North America,No
Dalton Walsh,njdvc1,Latin America,No
Allyson Warner,6ylst0,EMEA,No
Rex Valentine,kqxyk3,North America,No
Ali Wood,0juc6z,Latin America,Yes
Victor Newman,u2khhn,North America,No
Elisa Chaney,xm7vo8,APAC,No
Nicolas Buckley,9l91yi,Africa,No
Waylon Long,l303m2,North America,Yes
Carlos Taylor,uh9cqq,EMEA,Yes
Payten Sims,yyhm53,Latin America,Yes
Jaxson Thompson,nl5lsm,North America,Yes
Kayden Khan,9ai671,Latin America,Yes
Tommy Blankenship,igagdi,Africa,Yes
Tyree Hinton,1rp32q,APAC,Yes
Davon Barry,ta2792,North America,No
Kaleigh Sparks,ml1dq8,EMEA,No
Frida Strong,q48ni4,Africa,Yes
Audrina Christensen,k9afz5,APAC,Yes
Chandler Santiago,0xvei9,APAC,No
Jensen Higgins,7aw3k2,North America,No
Jordyn Robbins,kyy7kt,APAC,No
Dale Bailey,gnu700,EMEA,No
Jadyn Keller,kms8wj,APAC,Yes
Liam Rowland,d140rg,North America,No
Naima Dickson,8y3fdb,EMEA,No
Camryn Clayton,h4qnbr,EMEA,No
Kiersten Nixon,e5tt5z,EMEA,No
Dane Stuart,n9i72s,EMEA,No
Jessie Reilly,hvh0is,North America,No
Yareli Barry,80lk08,EMEA,No
Alexis Silva,q8xa3f,North America,No
Aedan Shields,b96ub9,North America,No
Kaitlin Mcgee,iknsj1,EMEA,No
Gisselle Farrell,ubifkn,North America,No
Sam Hayes,ktl2ji,North America,No
Lorena Bond,mfro0z,North America,No
Kailee Blevins,nfa1zm,Africa,No
Charlie Maynard,h99qeg,North America,No
Bailey Hanson,jtbyou,EMEA,No
Xander Boyd,a2kduo,EMEA,No
Joel Curry,3dyz69,APAC,No
Carly Leblanc,uw6pqz,Africa,Yes
Rubi Castillo,yy0tzw,EMEA,No
Gemma Weaver,qyai7m,Latin America,Yes
Romeo Ellison,zmyhc3,North America,No
Marely James,ewk9ts,North America,Yes
Kamari Ayers,7coc4w,EMEA,No
Michael Conley,00m657,APAC,No
Harrison Wiley,rb54kf,EMEA,Yes
Aniya Matthews,ffhhdp,EMEA,No
Miracle Aguilar,bynrbs,EMEA,No
Zaniyah Ramirez,slk9hh,North America,No
Teagan Doyle,z5w8t3,Africa,Yes
Alijah Martinez,aut5l4,North America,No
Avah Zamora,v0y4qr,North America,No
Guillermo Key,ea348s,EMEA,No
Jonathon Morrow,djacqt,North America,No
Chelsea Herman,vrgfxv,North America,No
Aylin Booker,s80oho,EMEA,No
Olivia Santana,k1hcub,EMEA,No
Karlee Miranda,gbdv0e,EMEA,Yes
Marina Dunlap,dzw7x4,APAC,No
Kaden Mullen,4jsicd,Latin America,No
Ariana Zamora,505b5x,EMEA,No
Jace Carrillo,u02sik,Africa,No
Reyna Hanna,v59pcj,EMEA,No
Wayne Villegas,1qp34f,North America,No
Lexie Wiggins,6su7f5,North America,No
Dennis Hansen,dtal8l,Africa,No
Heaven James,25kyao,Latin America,No
Madisyn Marquez,n2ginh,APAC,Yes
Jack Sexton,iyy6x6,North America,No
Chaya May,oqmwpe,APAC,No
Rubi Harrison,uhcmmc,North America,No
Caden Church,ag1mwt,North America,No
Cullen Lucero,gs3j8h,APAC,No
Amelia Mooney,796ptt,EMEA,No
Stacy Mccall,c93lj9,Africa,No
Marlon Mahoney,6k81qx,EMEA,No
Lyla Gibson,u3uabf,Africa,No
Wade Bean,tc2il2,Africa,No
Fernanda Guerrero,ukzcqf,EMEA,Yes
Kali Howard,4x5cf0,APAC,Yes
Trinity Glover,h7buii,EMEA,Yes
Nora Harrell,9bgfxe,North America,No
Ernesto Moore,g9frfj,APAC,No
Toby Galloway,893rxv,North America,Yes
Scott Cummings,p8z0kp,APAC,Yes
Camille Romero,r7d3sn,Latin America,No
Mariyah Rodgers,md39xr,Latin America,No
Cloe Hardin,u9jhhu,North America,No
Catalina Garner,vkq3z6,Africa,Yes
Terrence Ho,fao8f2,EMEA,No
Lacey Mcmahon,58eshb,Africa,Yes
Cecilia Koch,ipm1de,APAC,No
Jayden Bond,obz0j9,Latin America,No
Deven York,kqu8fy,APAC,No
Karley Rogers,ku4o9e,EMEA,No
Alexis Valdez,z3vtcj,Latin America,No
Winston Sampson,4t80ie,Africa,No
Dalton Walsh,mcb2lr,North America,No
Allyson Warner,4rhpox,North America,No
Rex Valentine,804bk1,EMEA,No
Ali Wood,4dgbzp,APAC,Yes
Victor Newman,h0bn7j,North America,No
Elisa Chaney,nj1hu5,EMEA,Yes
Nicolas Buckley,ne3w4d,EMEA,No
Waylon Long,tztg9r,North America,No
Carlos Taylor,dlzcba,North America,No
Payten Sims,ui1btx,EMEA,No
Jaxson Thompson,w8m717,APAC,Yes
Kayden Khan,rxps6q,EMEA,Yes
Tommy Blankenship,8y4kyf,EMEA,No
Tyree Hinton,kem6tm,EMEA,No
Davon Barry,6wtvni,North America,No
Kaleigh Sparks,ffxc0g,Latin America,Yes
Frida Strong,amoukx,EMEA,No
Audrina Christensen,6sjpm4,North America,No
Chandler Santiago,2eljg0,North America,No
Jensen Higgins,eh48s0,North America,Yes
Jordyn Robbins,zcu2yc,EMEA,No
Dale Bailey,m9uu0p,EMEA,No
Jadyn Keller,3kz0if,Africa,No
Liam Rowland,uzhaen,APAC,Yes
Naima Dickson,zzcf04,EMEA,No
Camryn Clayton,bfbl6y,EMEA,No
Kiersten Nixon,db0xlj,EMEA,No
Dane Stuart,o3s73l,APAC,No
Jessie Reilly,whgmqo,EMEA,No
Yareli Barry,9lz5mr,APAC,No
Alexis Silva,rty2cr,APAC,No
Aedan Shields,9w7if6,North America,No
Kaitlin Mcgee,4sv5yn,EMEA,No
Gisselle Farrell,9hs9ls,Africa,Yes
Sam Hayes,vwppra,APAC,No
Lorena Bond,cfs066,APAC,No
Kailee Blevins,imc478,North America,Yes
Charlie Maynard,r7unez,North America,No
Bailey Hanson,0m8p3y,APAC,Yes
Xander Boyd,qvicgp,EMEA,No
Joel Curry,ei3q5q,EMEA,No
Carly Leblanc,4nu95x,APAC,No
Rubi Castillo,96zjk6,Africa,Yes
Gemma Weaver,xcozxs,EMEA,No
Romeo Ellison,30szrq,North America,No
Marely James,m6y8fu,North America,No
Kamari Ayers,l2drhe,North America,No
Michael Conley,3fvrsr,North America,No
Harrison Wiley,s5bhje,North America,No
Aniya Matthews,hdluj4,North America,No
Miracle Aguilar,hnhd95,North America,Yes
Zaniyah Ramirez,b1o02a,APAC,No
Teagan Doyle,xe5ith,North America,No
Alijah Martinez,lid10b,North America,No
Avah Zamora,si0osq,EMEA,No
Guillermo Key,n1uame,EMEA,No
Jonathon Morrow,rs9hwl,EMEA,No
Chelsea Herman,71djks,EMEA,No
Aylin Booker,wfm8gg,North America,No
Olivia Santana,b70u6y,EMEA,No
Karlee Miranda,bba4j9,North America,No
Marina Dunlap,ewbhe0,EMEA,No
Kaden Mullen,511mro,APAC,No
Ariana Zamora,szf3s0,EMEA,No
Jace Carrillo,3c40nm,APAC,No
Reyna Hanna,n5ky39,North America,No
Wayne Villegas,vacwxd,North America,No
Lexie Wiggins,5m5eda,North America,No
Dennis Hansen,1qpu8i,APAC,No
Heaven James,1eh8dg,North America,No
Madisyn Marquez,2gkn3h,APAC,No
Jack Sexton,myx680,Africa,No
Chaya May,3hp8gp,APAC,Yes
Rubi Harrison,51ym0n,EMEA,Yes
Caden Church,lejmcz,EMEA,Yes
Cullen Lucero,ndxqb7,APAC,No
Amelia Mooney,d90ncv,Africa,No
Stacy Mccall,k3hcs2,APAC,No
Marlon Mahoney,up7cqj,EMEA,No
Lyla Gibson,hhsbn8,North America,No
Wade Bean,26bfak,North America,No
Fernanda Guerrero,ymzah0,APAC,Yes
Kali Howard,asa2xs,North America,No
Trinity Glover,4xfzr3,APAC,No
Nora Harrell,bpcc2g,APAC,No
Ernesto Moore,go9am5,APAC,Yes
Toby Galloway,jf8hmp,EMEA,No
Scott Cummings,1vryvz,North America,No
Camille Romero,5k5iuo,EMEA,No
Mariyah Rodgers,yitwus,North America,No
Cloe Hardin,6pe54x,EMEA,No
Catalina Garner,kcug0n,North America,No
Terrence Ho,qf1hn5,North America,No
Lacey Mcmahon,p9n0qq,North America,No
Cecilia Koch,fnh3yi,North America,Yes
Jayden Bond,2cppke,EMEA,No
Deven York,353gp4,EMEA,No
Karley Rogers,5ob3ao,North America,No
Alexis Valdez,ikkex9,North America,No
Winston Sampson,6vhilm,North America,No
Dalton Walsh,ugdqru,APAC,Yes
Allyson Warner,x05isx,North America,No
Rex Valentine,rlqo1p,EMEA,No
Ali Wood,g26ujl,APAC,No
Victor Newman,x72sf4,Latin America,Yes
Elisa Chaney,v3n3gc,Africa,No
Nicolas Buckley,zuzmxe,North America,Yes
Waylon Long,sgvjxs,North America,No
Carlos Taylor,rv7r0s,North America,No
Payten Sims,xu0xho,Latin America,Yes
Jaxson Thompson,oigfml,APAC,No
Kayden Khan,ewudiw,APAC,No
Tommy Blankenship,2x6fy3,North America,No
Tyree Hinton,n6065p,EMEA,No
Davon Barry,lo3rbs,North America,No
Kaleigh Sparks,0pkobf,EMEA,No
Frida Strong,u6ize3,APAC,No
Audrina Christensen,fifolz,North America,No
Chandler Santiago,eegaqo,Africa,Yes
Jensen Higgins,f56dgu,APAC,No
Jordyn Robbins,67e6f3,APAC,Yes
Dale Bailey,qzf5gh,North America,No
Jadyn Keller,yjcid2,EMEA,No
Liam Rowland,hs6b5u,Africa,No
Naima Dickson,16wtty,EMEA,No
Camryn Clayton,79dukm,EMEA,No
Kiersten Nixon,cc9vjk,APAC,No
Dane Stuart,y7d813,EMEA,No
Jessie Reilly,os03wo,North America,No
Yareli Barry,ycrd58,APAC,No
Alexis Silva,6d4ihb,APAC,No
Aedan Shields,l9h2bz,Latin America,No
Kaitlin Mcgee,e82sml,APAC,No
Gisselle Farrell,10tp0s,North America,Yes
Sam Hayes,fnv1ci,EMEA,Yes
Lorena Bond,1zho4y,Latin America,No
Kailee Blevins,miqo1m,EMEA,No
Charlie Maynard,e4stxl,North America,No
Bailey Hanson,zfkzqe,EMEA,No
Xander Boyd,07kt3a,North America,No
Joel Curry,q3bixt,EMEA,Yes
Carly Leblanc,fay1gc,APAC,No
Rubi Castillo,a2v1o7,Latin America,No
Gemma Weaver,ak9zru,North America,No
Romeo Ellison,ov99oz,APAC,Yes
Marely James,pwm7to,North America,No
Kamari Ayers,rso2h3,EMEA,No
Michael Conley,cs3oi5,APAC,No
Harrison Wiley,ictklk,North America,No
Aniya Matthews,8reox8,APAC,No
Miracle Aguilar,0hn566,Latin America,Yes
Zaniyah Ramirez,0teamn,North America,No
Teagan Doyle,vjecoz,APAC,Yes
Alijah Martinez,q6hkty,APAC,No
Avah Zamora,za6pah,APAC,No
Guillermo Key,737xfi,North America,No
Jonathon Morrow,6h3juu,EMEA,No
Chelsea Herman,tsyog9,Africa,No
Aylin Booker,o6rrzt,APAC,No
Olivia Santana,qnq6c3,North America,No
Karlee Miranda,g9iegd,APAC,No
Marina Dunlap,jsya94,EMEA,No
Kaden Mullen,jsve2p,Latin America,No
Ariana Zamora,8su1s9,EMEA,No
Jace Carrillo,grx1qg,EMEA,No
Reyna Hanna,eotn74,EMEA,No
Wayne Villegas,75k8hb,APAC,Yes
Lexie Wiggins,csnqx5,North America,No
Dennis Hansen,k5mf1c,Latin America,Yes
Heaven James,2lm0ct,North America,Yes
Madisyn Marquez,h7ed61,Latin America,Yes
Jack Sexton,wdwbw2,North America,No
Chaya May,8g1t7b,North America,No
Rubi Harrison,xs0emw,EMEA,No
Caden Church,spgi08,Latin America,No
Cullen Lucero,4gxmsp,North America,No
Amelia Mooney,ubu3d7,EMEA,No
Stacy Mccall,as766k,North America,No
Marlon Mahoney,1rk972,EMEA,No
Lyla Gibson,3m9ltn,APAC,Yes
Wade Bean,jlm38g,North America,No
Fernanda Guerrero,vuckzv,North America,No
Kali Howard,m8b63g,North America,No
Trinity Glover,pod1kb,Latin America,No
Nora Harrell,wn0fpi,Africa,No
Ernesto Moore,gh6ijn,APAC,No
Toby Galloway,l0q7ry,APAC,Yes
Scott Cummings,0wlwey,North America,No
Camille Romero,ds76lu,North America,No
Mariyah Rodgers,9dopkt,Latin America,No
Cloe Hardin,8pu2i4,North America,No
Catalina Garner,p9ew8m,APAC,Yes
Terrence Ho,2lfr13,North America,Yes
Lacey Mcmahon,bih63y,EMEA,No
Cecilia Koch,qqa105,EMEA,No
Jayden Bond,y5rw4u,EMEA,No
Deven York,ssfyfi,Latin America,Yes
Karley Rogers,5j4ye9,North America,Yes
Alexis Valdez,th560v,North America,No
Winston Sampson,daykld,EMEA,No
Dalton Walsh,0yncmx,EMEA,No
Allyson Warner,946s2b,EMEA,Yes
Rex Valentine,rcg3ha,North America,No
Ali Wood,x1f39g,North America,No
Victor Newman,sp2cv4,EMEA,No
Elisa Chaney,2ywcbi,APAC,Yes
Nicolas Buckley,32xgfl,APAC,No
Waylon Long,zaxacg,North America,No
Carlos Taylor,6rgtdw,APAC,No
Payten Sims,1cm2gq,North America,No
Jaxson Thompson,aqg9wi,APAC,Yes
Kayden Khan,hm7qvu,North America,Yes
Tommy Blankenship,y68wqy,EMEA,No
Tyree Hinton,sbby9t,EMEA,No
Davon Barry,4ildyx,North America,Yes
Kaleigh Sparks,nfxvfg,North America,No
Frida Strong,sm6fl3,APAC,No
Audrina Christensen,5au5w9,EMEA,No
Chandler Santiago,nlvmza,North America,No
Jensen Higgins,5binfz,APAC,No
Jordyn Robbins,iajjkj,EMEA,No
Dale Bailey,u3upcz,North America,Yes
Jadyn Keller,xgrsjr,APAC,Yes
Liam Rowland,5empta,North America,Yes
Naima Dickson,1g88c6,North America,No
Camryn Clayton,yju74n,EMEA,No
Kiersten Nixon,8ig0yw,EMEA,No
Dane Stuart,cech9s,APAC,Yes
Jessie Reilly,dfxs9d,North America,No
Yareli Barry,hmt126,North America,No
Alexis Silva,9rcpbh,EMEA,Yes
Aedan Shields,ndq7mg,APAC,No
Kaitlin Mcgee,r9pmll,North America,No
Gisselle Farrell,5k1qp6,APAC,No
Sam Hayes,k2xzwz,North America,No
Lorena Bond,n9i1w9,APAC,No
Kailee Blevins,kepdwg,North America,Yes
Charlie Maynard,tp4tpw,North America,No
Bailey Hanson,ahq6oy,EMEA,Yes
Xander Boyd,7fudaj,North America,Yes
Joel Curry,9akib9,North America,No
Carly Leblanc,qt5k27,EMEA,No
Rubi Castillo,4naa2i,EMEA,No
Gemma Weaver,4tod7q,EMEA,No
Romeo Ellison,m2cokt,EMEA,Yes
Marely James,jt3jii,North America,No
Kamari Ayers,qjtuwn,Latin America,No
Michael Conley,6kjc9a,APAC,No
Harrison Wiley,4xedzy,EMEA,No
Aniya Matthews,eqqiq0,North America,No
Miracle Aguilar,ayhm3x,EMEA,No
Zaniyah Ramirez,qs7nss,North America,Yes
Teagan Doyle,e96j6o,North America,No
Alijah Martinez,buhe99,North America,No
Avah Zamora,8o0b9r,EMEA,No
Guillermo Key,lpv8pp,EMEA,No
Jonathon Morrow,r3wx56,EMEA,Yes
Chelsea Herman,r4l61x,North America,No
Aylin Booker,lhhqbh,APAC,Yes
Olivia Santana,93ge9r,North America,No
Karlee Miranda,m0vlbh,EMEA,No
Marina Dunlap,jx3uag,EMEA,No
Kaden Mullen,edrarz,North America,No
Ariana Zamora,67pyuk,APAC,Yes
Jace Carrillo,s5z2go,North America,No
Reyna Hanna,egev0r,APAC,No
Wayne Villegas,p4df00,EMEA,No
Lexie Wiggins,vcbh14,EMEA,No
Dennis Hansen,2h9owy,EMEA,No
Heaven James,35fyjs,APAC,Yes
Madisyn Marquez,x2zm28,APAC,No
Jack Sexton,3mm795,EMEA,Yes
Chaya May,n461r0,APAC,No
Rubi Harrison,krbol3,APAC,Yes
Caden Church,0hylyb,EMEA,No
Cullen Lucero,atsqus,North America,No
Amelia Mooney,rr8avs,North America,No
Stacy Mccall,bw9rws,APAC,Yes
Marlon Mahoney,jk8pyd,EMEA,No
Lyla Gibson,yh3ano,North America,No
Wade Bean,h2takn,EMEA,No
Fernanda Guerrero,c5bkie,EMEA,No
Kali Howard,weius8,North America,Yes
Trinity Glover,os68la,Africa,No
Nora Harrell,ew4i7l,EMEA,No
Ernesto Moore,6c6l5n,Latin America,No
Toby Galloway,vbu31z,APAC,Yes
Scott Cummings,psky93,North America,No
Camille Romero,yoojc6,Latin America,No
Mariyah Rodgers,lrqc1r,Africa,Yes
Cloe Hardin,bm9ivh,EMEA,No
Catalina Garner,foaxjv,EMEA,No
Terrence Ho,b5c800,North America,No
Lacey Mcmahon,yv49al,Africa,No
Cecilia Koch,5vv0e9,North America,No
Jayden Bond,d0assm,APAC,No
Deven York,ntg2yh,EMEA,No
Karley Rogers,svbegs,North America,Yes
Alexis Valdez,n7vadt,EMEA,No
Winston Sampson,uipiqv,North America,No
Dalton Walsh,9229vp,EMEA,Yes
Allyson Warner,xgf4wa,EMEA,No
Rex Valentine,5488h2,APAC,No
Ali Wood,k46ws4,EMEA,No
Victor Newman,4euqed,North America,No
Elisa Chaney,x3i1o6,North America,No
Nicolas Buckley,iq0qx4,EMEA,No
Waylon Long,6l7w7o,North America,Yes
Carlos Taylor,qob45f,North America,No
Payten Sims,r23ixl,EMEA,No
Jaxson Thompson,d56jz2,EMEA,No
Kayden Khan,moqr5l,EMEA,No
Tommy Blankenship,qzzvo3,APAC,Yes
Tyree Hinton,n7ggpv,North America,No
Davon Barry,db79aw,North America,No
Kaleigh Sparks,kufym2,EMEA,No
Frida Strong,mv1dpa,Africa,No
Audrina Christensen,dcr9pz,North America,No
Chandler Santiago,rabigb,APAC,No
Jensen Higgins,xxue6e,North America,No
Jordyn Robbins,o54h8l,APAC,Yes
Dale Bailey,bx5gwh,Latin America,No
Jadyn Keller,4sduij,Africa,Yes
Liam Rowland,oloh00,EMEA,No
Naima Dickson,j0zlz2,APAC,No
Camryn Clayton,2j168e,North America,Yes
Kiersten Nixon,7wmpqr,North America,No
Dane Stuart,n3doj3,North America,No
Jessie Reilly,exqknu,APAC,No
Yareli Barry,s4ix43,APAC,Yes
Alexis Silva,8735jo,APAC,Yes
Aedan Shields,57ralj,EMEA,No
Kaitlin Mcgee,yxij3l,EMEA,No
Gisselle Farrell,8r52oy,North America,No
Sam Hayes,r22x1q,EMEA,No
Lorena Bond,e743hm,North America,No
Kailee Blevins,0nviej,North America,No
Charlie Maynard,k3urxo,North America,No
Bailey Hanson,it83qz,North America,No
Xander Boyd,yqe9gg,APAC,No
Joel Curry,4mkjk0,North America,No
Carly Leblanc,01evx9,North America,No
Rubi Castillo,m4r11m,EMEA,No
Gemma Weaver,4lx91b,Africa,No
Romeo Ellison,9ddrx2,EMEA,No
Marely James,9n9i2v,EMEA,No
Kamari Ayers,62jy6b,Africa,No
Michael Conley,rr2m4k,EMEA,No
Harrison Wiley,7b31ko,APAC,No
Aniya Matthews,z8j867,Latin America,Yes
Miracle Aguilar,o9xn7s,North America,No
Zaniyah Ramirez,9s4edc,North America,No
Teagan Doyle,h3lnwt,North America,No
Alijah Martinez,smdnwc,EMEA,No
Avah Zamora,jyp5z4,APAC,Yes
Guillermo Key,suhcid,North America,No
Jonathon Morrow,2w3xjz,EMEA,Yes
Chelsea Herman,rh5etx,EMEA,No
Aylin Booker,v4qyjv,North America,Yes
Olivia Santana,cpt5r6,APAC,No
Karlee Miranda,supi8c,Latin America,No
Marina Dunlap,tmc2zf,EMEA,No
Kaden Mullen,y4y238,EMEA,Yes
Ariana Zamora,psaj67,APAC,No
Jace Carrillo,mrh6pr,EMEA,No
Reyna Hanna,xb1vbu,EMEA,No
Wayne Villegas,kgzcv3,APAC,No
Lexie Wiggins,q4k637,North America,No
Dennis Hansen,kry5wm,North America,No
Heaven James,effoxg,EMEA,No
Madisyn Marquez,be1r0x,North America,No
Jack Sexton,mwx775,EMEA,Yes
Chaya May,pnqzlf,North America,No
Rubi Harrison,23kjp4,APAC,Yes
Caden Church,e96b8m,North America,No
Cullen Lucero,i70kmn,APAC,No
Amelia Mooney,dte5vu,North America,No
Stacy Mccall,zsr6dz,North America,No
Marlon Mahoney,g7m0sl,EMEA,No
Lyla Gibson,lpgmtp,EMEA,No
Wade Bean,uddisl,North America,No
Fernanda Guerrero,s2u5pq,North America,No
Kali Howard,xdco11,APAC,No
Trinity Glover,swubk6,North America,No
Nora Harrell,ot719k,EMEA,No
Ernesto Moore,crrkum,EMEA,Yes
Toby Galloway,2ny31n,APAC,No
Scott Cummings,15rcxb,EMEA,Yes
Camille Romero,5a46r9,EMEA,No
Mariyah Rodgers,q2o3bt,EMEA,No
Cloe Hardin,2mmu5p,EMEA,No
Catalina Garner,lbtr6x,EMEA,No
Terrence Ho,c4nnjz,EMEA,Yes
Lacey Mcmahon,ygebit,North America,No
Cecilia Koch,fbiv60,North America,No
Jayden Bond,zsheeh,EMEA,No
Deven York,xr6044,APAC,No
Karley Rogers,63gpr7,North America,Yes
Alexis Valdez,d3ey64,North America,No
Winston Sampson,9lzuqw,Africa,No
Dalton Walsh,xfld42,EMEA,No
Allyson Warner,05m1he,Latin America,No
Rex Valentine,879d7q,EMEA,No
Ali Wood,xhdhoi,APAC,No
Victor Newman,alnllv,North America,No
Elisa Chaney,9mj74v,Latin America,Yes
Nicolas Buckley,i0tfbv,EMEA,No
Waylon Long,antfql,Latin America,Yes
Carlos Taylor,x6edxw,EMEA,Yes
Payten Sims,18ipir,APAC,Yes
Jaxson Thompson,pmiqlh,EMEA,No
Kayden Khan,yl8fy3,North America,Yes
Tommy Blankenship,3bxeqp,Latin America,No
Tyree Hinton,qbv8fk,APAC,No
Davon Barry,vpgvxb,EMEA,Yes
Kaleigh Sparks,vxe3d9,APAC,Yes
Frida Strong,dpxdkc,EMEA,Yes
Audrina Christensen,8ywlsw,EMEA,Yes
Chandler Santiago,g8d8bi,North America,No
Jensen Higgins,9enhde,North America,No
Jordyn Robbins,azvhzi,EMEA,No
Dale Bailey,bl37nn,APAC,No
Jadyn Keller,8uoxqe,APAC,No
Liam Rowland,322vfw,Latin America,No
Naima Dickson,vs5eej,EMEA,Yes
Camryn Clayton,eee02g,North America,No
Kiersten Nixon,sqthug,North America,No
Dane Stuart,4h7qxj,EMEA,No
Jessie Reilly,itzojo,EMEA,No
Yareli Barry,23wujr,APAC,No
Alexis Silva,wk8m9b,North America,No
Aedan Shields,66hmm4,North America,No
Kaitlin Mcgee,m0isyi,North America,No
Gisselle Farrell,xgh533,EMEA,Yes
Sam Hayes,pa9f4r,EMEA,No
Lorena Bond,9mazkt,North America,No
Kailee Blevins,48up6d,North America,No
Charlie Maynard,76o1df,North America,No
Bailey Hanson,6bj1uw,North America,No
Xander Boyd,4yo2g1,APAC,No
Joel Curry,drwgpf,EMEA,Yes
Carly Leblanc,s7f101,Latin America,No
Rubi Castillo,lz3x28,EMEA,No
Gemma Weaver,swks4i,EMEA,Yes
Romeo Ellison,pmgj2c,APAC,Yes
Marely James,xgayjd,EMEA,No
Kamari Ayers,1dr38f,North America,No
Michael Conley,mnfjes,EMEA,No
Harrison Wiley,uc2mgr,Africa,Yes
Aniya Matthews,ur6bdd,EMEA,No
Miracle Aguilar,g5fpes,EMEA,Yes
Zaniyah Ramirez,co972j,North America,No
Teagan Doyle,48jvaq,North America,No
Alijah Martinez,iqbiyf,North America,No
Avah Zamora,x3q91x,North America,No
Guillermo Key,srfpnm,EMEA,No
Jonathon Morrow,91ozlm,Latin America,No
Chelsea Herman,b28p0l,Latin America,Yes
Aylin Booker,hs62ey,North America,No
Olivia Santana,5aymw1,EMEA,No
Karlee Miranda,jkdqkl,Latin America,No
Marina Dunlap,wosjex,Africa,No
Kaden Mullen,prmxqn,Africa,No
Ariana Zamora,joh2m4,Latin America,Yes
Jace Carrillo,5hkzxo,EMEA,Yes
Reyna Hanna,vv8vab,APAC,Yes
Wayne Villegas,djnfnk,EMEA,No
Lexie Wiggins,nd45wi,EMEA,No
Dennis Hansen,tr2qbh,Africa,Yes
Heaven James,acvag4,Latin America,No
Madisyn Marquez,ovg1lt,APAC,No
Jack Sexton,e770ie,EMEA,No
Chaya May,h4hqmt,North America,No
Rubi Harrison,xwq1va,APAC,Yes
Caden Church,zrtjoy,APAC,Yes
Cullen Lucero,0zqcdh,Africa,Yes
Amelia Mooney,yc4z03,EMEA,No
Stacy Mccall,osxcsb,North America,No
Marlon Mahoney,nqax30,EMEA,Yes
Lyla Gibson,dr1g7j,North America,Yes
Wade Bean,t9sneu,EMEA,No
Fernanda Guerrero,zbh32w,North America,No
Kali Howard,5of6ki,North America,No
Trinity Glover,9t3pjg,APAC,No
Nora Harrell,rze83d,APAC,Yes
Ernesto Moore,j815fj,North America,No
Toby Galloway,dj5y4p,Africa,No
Scott Cummings,qidie5,North America,No
Camille Romero,xu8bwe,EMEA,No
Mariyah Rodgers,7j4oqq,Africa,No
Cloe Hardin,4715pr,EMEA,No
Catalina Garner,gbz5b2,Latin America,Yes
Terrence Ho,kchsr3,North America,No
Lacey Mcmahon,q3xdrm,North America,Yes
Cecilia Koch,w61qff,North America,Yes
Jayden Bond,eb2u19,APAC,No
Deven York,vdapch,North America,No
Karley Rogers,rdizm1,EMEA,No
Alexis Valdez,eegq96,EMEA,No
Winston Sampson,fnq9fp,EMEA,Yes
Dalton Walsh,fmhzuq,APAC,No
Allyson Warner,578x40,EMEA,No
Rex Valentine,yjrglx,Latin America,No
Ali Wood,wsz9jy,APAC,Yes
Victor Newman,69r8ep,EMEA,No
Elisa Chaney,v5p1lr,EMEA,Yes
Nicolas Buckley,86y3zt,EMEA,No
Waylon Long,gwd8ud,North America,No
Carlos Taylor,kbol51,APAC,Yes
Payten Sims,wgd0ge,Latin America,No
Jaxson Thompson,g0kr8y,APAC,No
Kayden Khan,w528av,APAC,Yes
Tommy Blankenship,j67ala,North America,Yes
Tyree Hinton,wx1tv3,North America,No
Davon Barry,1hhir6,North America,Yes
Kaleigh Sparks,jvq8o4,North America,No
Frida Strong,xx3lu6,EMEA,Yes
Audrina Christensen,wv69ye,Africa,Yes
Chandler Santiago,luz5m1,North America,Yes
Jensen Higgins,uoatj5,EMEA,Yes
Jordyn Robbins,84s9va,Latin America,No
Dale Bailey,lkmm9y,North America,No
Jadyn Keller,4zz9bk,APAC,No
Liam Rowland,vzppoy,APAC,No
Naima Dickson,s2m3km,Latin America,No
Camryn Clayton,jf67ln,Latin America,Yes
Kiersten Nixon,xqb4cf,Africa,Yes
Dane Stuart,zftntf,Africa,No
Jessie Reilly,lutycw,Latin America,Yes
Yareli Barry,uwh6fi,APAC,Yes
Alexis Silva,hlvkhd,North America,No
Aedan Shields,357tiw,North America,Yes
Kaitlin Mcgee,ve2nn5,Latin America,No
Gisselle Farrell,mz69hp,North America,No
Sam Hayes,jsevoo,North America,No
Lorena Bond,tvqs7b,Africa,Yes
Kailee Blevins,88dsmh,EMEA,Yes
Charlie Maynard,1pazte,Latin America,No
Bailey Hanson,ctismx,Latin America,No
Xander Boyd,egnl0i,Africa,No
Joel Curry,bi4dr7,North America,No
Carly Leblanc,5zm1rb,EMEA,No
Rubi Castillo,0crzfr,EMEA,No
Gemma Weaver,g7atdv,Africa,Yes
Romeo Ellison,hch7hw,North America,Yes
Marely James,w9uu1l,EMEA,No
Kamari Ayers,ubhx5z,Africa,No
Michael Conley,tme17j,APAC,No
Harrison Wiley,qvyy5g,APAC,Yes
Aniya Matthews,b4rpjy,APAC,No
Miracle Aguilar,bs88tw,APAC,No
Zaniyah Ramirez,dn11ju,APAC,No
Teagan Doyle,58erjq,North America,Yes
Alijah Martinez,lrdt9t,EMEA,Yes
Avah Zamora,ee4h53,North America,No
Guillermo Key,1i8t77,EMEA,No
Jonathon Morrow,oikvot,EMEA,No
Chelsea Herman,9gorce,North America,Yes
Aylin Booker,1kyusz,APAC,No
Olivia Santana,3xiilc,EMEA,No
Karlee Miranda,avzdyx,North America,No
Marina Dunlap,i74h4q,EMEA,No
Kaden Mullen,r8mshr,North America,No
Ariana Zamora,oxs79k,APAC,No
Jace Carrillo,2zkdoc,North America,No
Reyna Hanna,ou2o90,EMEA,No
Wayne Villegas,z9lp4d,APAC,No
Lexie Wiggins,ymuho2,Latin America,No
Dennis Hansen,ddjys2,North America,No
Heaven James,r05534,EMEA,No
Madisyn Marquez,cgismc,Africa,No
Jack Sexton,cf38hl,EMEA,No
Chaya May,dpenql,APAC,Yes
Rubi Harrison,h5kdrz,EMEA,No
Caden Church,rujep4,North America,No
Cullen Lucero,7g5vdr,North America,No
Amelia Mooney,sso8ho,APAC,Yes
Stacy Mccall,zqvs7n,APAC,No
Marlon Mahoney,3vw68v,Africa,Yes
Lyla Gibson,f907i3,EMEA,No
Wade Bean,qhgemi,Africa,Yes
Fernanda Guerrero,8yqf17,APAC,No
Kali Howard,dyb4nd,EMEA,No
Trinity Glover,uqyu1q,EMEA,No
Nora Harrell,47d5pe,North America,Yes
Ernesto Moore,3hwj1d,EMEA,No
Toby Galloway,w5xpqb,EMEA,No
Scott Cummings,xogns0,EMEA,No
Camille Romero,aw038g,North America,No
Mariyah Rodgers,qxwtkh,Africa,No
Cloe Hardin,5tjw33,North America,Yes
Catalina Garner,6jb4d8,APAC,No
Terrence Ho,mac63g,APAC,Yes
Lacey Mcmahon,xxljha,EMEA,No
Cecilia Koch,2kh3sz,EMEA,No
Jayden Bond,du73az,EMEA,No
Deven York,xzhidi,North America,No
Karley Rogers,18sone,APAC,Yes
Alexis Valdez,rxh1i7,EMEA,No
Winston Sampson,ylf75p,North America,No
Dalton Walsh,f8zo98,EMEA,No
Allyson Warner,mc9xgg,North America,No
Rex Valentine,5rr00x,EMEA,No
Ali Wood,uohmt3,EMEA,Yes
Victor Newman,0ccdhc,EMEA,No
Elisa Chaney,ikyyfv,APAC,No
Nicolas Buckley,71ibgo,APAC,Yes
Waylon Long,49kgt7,North America,No
Carlos Taylor,ja2wga,EMEA,No
Payten Sims,tb47jc,APAC,No
Jaxson Thompson,1i36dt,EMEA,No
Kayden Khan,0xhnyq,APAC,No
Tommy Blankenship,3wqxe5,Latin America,No
Tyree Hinton,4c1zsi,APAC,No
Davon Barry,npke3n,EMEA,No
Kaleigh Sparks,h7xk7a,Africa,No
Frida Strong,f7a4oo,North America,No
Audrina Christensen,ce9fpi,EMEA,No
Chandler Santiago,yghl7k,North America,No
Jensen Higgins,msph2v,EMEA,Yes
Jordyn Robbins,2k5ra1,North America,Yes
Dale Bailey,o7a1zb,North America,No
Jadyn Keller,ug59tt,North America,No
Liam Rowland,3xirbk,Latin America,No
Naima Dickson,c44dha,APAC,No
Camryn Clayton,ewk9h7,EMEA,No
Kiersten Nixon,jjm55u,North America,No
Dane Stuart,6e97jp,EMEA,No
Jessie Reilly,mv6uhe,EMEA,No
Yareli Barry,3d2uou,EMEA,No
Alexis Silva,ztoawi,EMEA,No
Aedan Shields,csz9ok,EMEA,No
Kaitlin Mcgee,l2o7qj,EMEA,Yes
Gisselle Farrell,6u2gq7,North America,No
Sam Hayes,c19urs,EMEA,No
Lorena Bond,t026v1,North America,Yes
Kailee Blevins,mddguc,North America,No
Charlie Maynard,0yoz43,EMEA,No
Bailey Hanson,203cnj,North America,No
Xander Boyd,nzf16w,Africa,No
Joel Curry,qnyvte,North America,No
Carly Leblanc,ho4g26,Latin America,Yes
Rubi Castillo,55pk4j,EMEA,Yes
Gemma Weaver,tu4tof,EMEA,Yes
Romeo Ellison,cufetf,Latin America,Yes
Marely James,9umerq,EMEA,No
Kamari Ayers,24uy3f,EMEA,No
Michael Conley,77b970,North America,No
Harrison Wiley,4z988z,EMEA,No
Aniya Matthews,y217mg,North America,No
Miracle Aguilar,oeeo0n,North America,No
Zaniyah Ramirez,o3pylj,North America,Yes
Teagan Doyle,qat02l,APAC,Yes
Alijah Martinez,uxguwt,North America,No
Avah Zamora,tn1r17,North America,No
Guillermo Key,mez8ka,North America,No
Jonathon Morrow,v0j4e5,EMEA,No
Chelsea Herman,c3asix,APAC,Yes
Aylin Booker,y7k5b8,EMEA,No
Olivia Santana,i8rpdw,EMEA,No
Karlee Miranda,enhwas,EMEA,No
Marina Dunlap,z4i8rz,Latin America,No
Kaden Mullen,jhxom8,North America,No
Ariana Zamora,nvcee8,EMEA,No
Jace Carrillo,qimpls,North America,Yes
Reyna Hanna,ga8b7p,EMEA,Yes
Wayne Villegas,41jhjj,North America,No
Lexie Wiggins,koyusg,North America,No
Dennis Hansen,o0v0z4,EMEA,No
Heaven James,rpov4f,APAC,Yes
Madisyn Marquez,r9zrza,Africa,No
Jack Sexton,8edm8f,North America,No
Chaya May,egyiny,EMEA,No
Rubi Harrison,i0ooug,North America,No
Caden Church,pywfcz,North America,No
Cullen Lucero,gazyei,EMEA,No
Amelia Mooney,jcahhi,EMEA,No
Stacy Mccall,n0hs62,North America,No
Marlon Mahoney,3unru4,EMEA,Yes
Lyla Gibson,pihh6p,EMEA,Yes
Wade Bean,j9m8ov,EMEA,No
Fernanda Guerrero,2y49o9,EMEA,No
Kali Howard,pxc1g3,EMEA,No
Trinity Glover,iw2ot2,EMEA,Yes
Nora Harrell,rzlj1o,EMEA,No
Ernesto Moore,586v9j,EMEA,No
Toby Galloway,r37cnr,North America,No
Scott Cummings,ionrze,APAC,Yes
Camille Romero,bhw4ik,Latin America,No
Mariyah Rodgers,xqgw2z,Latin America,Yes
Cloe Hardin,d7em4d,APAC,Yes
Catalina Garner,gbx48m,EMEA,No
Terrence Ho,13bdqu,Latin America,Yes
Lacey Mcmahon,v4q8i4,EMEA,No
Cecilia Koch,r0tn8v,APAC,No
Jayden Bond,r6u5v8,EMEA,No
Deven York,18e2c4,North America,Yes
Karley Rogers,gxxpl2,North America,No
Alexis Valdez,0kx5yv,EMEA,Yes
Winston Sampson,ap37w3,EMEA,No
Dalton Walsh,pa5y1o,North America,No
Allyson Warner,69olyz,EMEA,No
Rex Valentine,uyj0zh,EMEA,Yes
Ali Wood,l7013n,North America,No
Victor Newman,4aic44,North America,Yes
Elisa Chaney,vcklvc,EMEA,No
Nicolas Buckley,oxivch,APAC,No
Waylon Long,hhpmg5,EMEA,No
Carlos Taylor,f0pj50,EMEA,No
Payten Sims,3jm2q3,APAC,No
Jaxson Thompson,l66p9w,EMEA,No
Kayden Khan,gnihvf,EMEA,No
Tommy Blankenship,y5q1qe,North America,Yes
Tyree Hinton,96hecr,North America,No
Davon Barry,6xdv4s,EMEA,No
Kaleigh Sparks,yxg86a,EMEA,No
Frida Strong,681hhs,EMEA,No
Audrina Christensen,96vety,Latin America,Yes
Chandler Santiago,gxp9dh,EMEA,No
Jensen Higgins,7i5t2a,EMEA,No
Jordyn Robbins,ybrfen,North America,No
Dale Bailey,cn7ata,APAC,No
Jadyn Keller,ykgcdr,EMEA,Yes
Liam Rowland,afsygy,North America,No
Naima Dickson,amp6ii,North America,No
Camryn Clayton,7yvoao,EMEA,No
Kiersten Nixon,rwwjp8,EMEA,No
Dane Stuart,gi9vb7,North America,Yes
Jessie Reilly,of70vf,EMEA,Yes
Yareli Barry,1s6gk8,EMEA,No
Alexis Silva,gqjh8e,EMEA,No
Aedan Shields,6szaif,Africa,Yes
Kaitlin Mcgee,bjb9w1,APAC,Yes
Gisselle Farrell,10sqst,EMEA,No
Sam Hayes,zbb83n,North America,No
Lorena Bond,su3xni,EMEA,No
Kailee Blevins,076juv,North America,Yes
Charlie Maynard,54xue8,North America,No
Bailey Hanson,k6fy9y,APAC,No
Xander Boyd,e2eub4,APAC,No
Joel Curry,8osqnf,EMEA,No
Carly Leblanc,140pat,APAC,No
Rubi Castillo,o1js7x,APAC,Yes
Gemma Weaver,klejxx,EMEA,No
Romeo Ellison,h1xuyg,APAC,Yes
Marely James,lui59w,EMEA,No
Kamari Ayers,yaxb22,Africa,Yes
Michael Conley,305rtg,EMEA,No
Harrison Wiley,a26pgz,Latin America,No
Aniya Matthews,9rjmpo,Latin America,Yes
Miracle Aguilar,lb52wg,EMEA,No
Zaniyah Ramirez,2msany,North America,No
Teagan Doyle,87vkjh,EMEA,No
Alijah Martinez,okgr5k,APAC,No
Avah Zamora,vowpqf,EMEA,No
Guillermo Key,jaq586,APAC,Yes
Jonathon Morrow,4uzkdv,Latin America,No
Chelsea Herman,wal9qi,APAC,No
Aylin Booker,norpib,North America,No
Olivia Santana,q0awg5,EMEA,No
Karlee Miranda,szxe9t,Latin America,No
Marina Dunlap,56pxm2,EMEA,No
Kaden Mullen,f1tmmg,EMEA,No
Ariana Zamora,c9nhwp,APAC,No
Jace Carrillo,bn1bah,Africa,No
Reyna Hanna,inia5v,Africa,No
Wayne Villegas,042acv,North America,No
Lexie Wiggins,v1g416,North America,No
Dennis Hansen,7r6wsz,North America,Yes
Heaven James,3tbzck,Africa,No
Madisyn Marquez,av6wl5,EMEA,No
Jack Sexton,t8ep7d,APAC,No
Chaya May,9qjwdz,APAC,No
Rubi Harrison,n1nu9a,APAC,No
Caden Church,0l8ib2,EMEA,No
Cullen Lucero,kgxtz2,North America,No
Amelia Mooney,q7gx8v,EMEA,No
Stacy Mccall,ymx3lp,APAC,No
Marlon Mahoney,u7i6rj,North America,No
Lyla Gibson,rjss5x,North America,No
Wade Bean,20xuwh,North America,No
Fernanda Guerrero,zkuui8,APAC,Yes
Kali Howard,if1xmi,EMEA,No
Trinity Glover,bwoq60,EMEA,No
Nora Harrell,vvc6zu,EMEA,Yes
Ernesto Moore,tyydiw,EMEA,No
Toby Galloway,qnzz2m,North America,Yes
Scott Cummings,7zk7k0,EMEA,No
Camille Romero,3c6m92,North America,Yes
Mariyah Rodgers,okrr2r,APAC,Yes
Cloe Hardin,84n3mj,EMEA,No
Catalina Garner,f15m8b,EMEA,Yes
Terrence Ho,9qbik5,EMEA,No
Lacey Mcmahon,0v8ei4,North America,No
Cecilia Koch,w5bnsb,EMEA,No
Jayden Bond,j2lic0,APAC,No
Deven York,3ucg8s,Latin America,No
Karley Rogers,1lyx2r,EMEA,No
Alexis Valdez,5xiw91,APAC,No
Winston Sampson,rwxlp2,Latin America,No
Dalton Walsh,ozbhhl,EMEA,No
Allyson Warner,jr3miq,North America,No
Rex Valentine,f5py1l,North America,No
Ali Wood,m2hmsk,North America,No
Victor Newman,trwkn5,North America,No
Elisa Chaney,d7e1n9,EMEA,No
Nicolas Buckley,et0u9w,North America,Yes
Waylon Long,f6vmf8,North America,No
Carlos Taylor,smzzi9,Africa,No
Payten Sims,zm0bbv,Africa,No
Jaxson Thompson,jn1dvv,Latin America,No
Kayden Khan,tw9r91,EMEA,No
Tommy Blankenship,4t354a,North America,No
Tyree Hinton,rguwak,Latin America,Yes
Davon Barry,l1cimy,EMEA,No
Kaleigh Sparks,fwc1t3,APAC,Yes
Frida Strong,rifl3q,EMEA,Yes
Audrina Christensen,akdd78,EMEA,No
Chandler Santiago,inrzea,North America,No
Jensen Higgins,1rulny,APAC,No
Jordyn Robbins,yzrwo9,APAC,No
Dale Bailey,52md3b,Latin America,No
Jadyn Keller,7359ap,North America,No
Liam Rowland,hyhtl9,North America,Yes
Naima Dickson,s46bxj,North America,No
Camryn Clayton,fakvzn,EMEA,Yes
Kiersten Nixon,qik895,EMEA,No
Dane Stuart,2praaw,North America,Yes
Jessie Reilly,vrbmtz,Africa,No
Yareli Barry,ulmgt8,EMEA,No
Alexis Silva,cdr2yz,North America,Yes
Aedan Shields,ecbj3x,North America,Yes
Kaitlin Mcgee,emgdw6,North America,No
Gisselle Farrell,dn5ala,APAC,No
Sam Hayes,riw45b,APAC,No
Lorena Bond,jzjhx4,North America,Yes
Kailee Blevins,jl2r91,APAC,No
Charlie Maynard,ugozk8,North America,No
Bailey Hanson,okujdd,EMEA,No
Xander Boyd,sw3hrw,Africa,Yes
Joel Curry,gcsij3,APAC,Yes
Carly Leblanc,9bloup,EMEA,Yes
Rubi Castillo,wxk68x,North America,No
Gemma Weaver,qmiib3,EMEA,No
Romeo Ellison,hxo9jp,North America,No
Marely James,lepfhl,Africa,No
Kamari Ayers,6erqbc,APAC,No
Michael Conley,u0suyb,EMEA,No
Harrison Wiley,p5t24f,EMEA,No
Aniya Matthews,eskuna,North America,No
Miracle Aguilar,sjf5xs,APAC,No
Zaniyah Ramirez,i1dx4k,North America,Yes
Teagan Doyle,9tk6lq,APAC,Yes
Alijah Martinez,tb9i4j,North America,No
Avah Zamora,u70z83,North America,No
Guillermo Key,rq19yu,North America,No
Jonathon Morrow,s14t2v,EMEA,No
Chelsea Herman,lyn4ob,EMEA,No
Aylin Booker,aj2ceu,North America,No
Olivia Santana,g9gf98,North America,No
Karlee Miranda,co4tkj,EMEA,Yes
Marina Dunlap,jjeq1e,EMEA,Yes
Kaden Mullen,thkqgj,North America,No
Ariana Zamora,m346nx,EMEA,Yes
Jace Carrillo,r1y4f0,North America,No
Reyna Hanna,kudxjj,North America,No
Wayne Villegas,wc8461,Latin America,Yes
Lexie Wiggins,raf8qs,North America,Yes
Dennis Hansen,2egtl6,North America,No
Heaven James,k03gxl,APAC,No
Madisyn Marquez,re1tuv,North America,Yes
Jack Sexton,syhug6,EMEA,No
Chaya May,4gx9ff,EMEA,No
Rubi Harrison,nr0vt6,Africa,No
Caden Church,6t7lq8,APAC,Yes
Cullen Lucero,wcerwo,Latin America,No
Amelia Mooney,3ddocl,EMEA,No
Stacy Mccall,bozy6c,APAC,Yes
Marlon Mahoney,detc25,Africa,No
Lyla Gibson,6rdj6j,North America,Yes
Wade Bean,5dwp1t,North America,No
Fernanda Guerrero,tkr2te,EMEA,No
Kali Howard,tgeaqf,APAC,No
Trinity Glover,cfpzo1,North America,No
Nora Harrell,2th87i,EMEA,No
Ernesto Moore,2o3miv,North America,No
Toby Galloway,lwy3t4,North America,Yes
Scott Cummings,n4zcrs,EMEA,No
Camille Romero,9qzz6s,EMEA,No
Mariyah Rodgers,yf7iq9,EMEA,Yes
Cloe Hardin,jswxv1,EMEA,No
Catalina Garner,38b1z1,Africa,No
Terrence Ho,w5w5lt,EMEA,No
Lacey Mcmahon,osme77,North America,No
Cecilia Koch,ckyi2n,Latin America,No
Jayden Bond,0fkmi3,North America,No
Deven York,l9kgwt,North America,No
Karley Rogers,k2gptk,APAC,No
Alexis Valdez,rcwxt8,EMEA,No
Winston Sampson,zjexg8,EMEA,Yes
Dalton Walsh,7w4pws,EMEA,No
Allyson Warner,s2x9n2,APAC,Yes
Rex Valentine,w8u0ga,North America,No
Ali Wood,gzvg83,EMEA,No
Victor Newman,yqezm8,EMEA,No
Elisa Chaney,j3o9e9,Latin America,No
Nicolas Buckley,ycq3se,EMEA,No
Waylon Long,8juzrr,EMEA,No
Carlos Taylor,m7vtbu,EMEA,No
Payten Sims,6pe2ia,EMEA,No
Jaxson Thompson,l7v422,EMEA,No
Kayden Khan,7nuw90,North America,No
Tommy Blankenship,g60sbm,EMEA,No
Tyree Hinton,fq7g29,EMEA,No
Davon Barry,cnjcjh,Africa,No
Kaleigh Sparks,4sl1lk,EMEA,No
Frida Strong,gapfjk,North America,No
Audrina Christensen,dg4ucf,APAC,No
Chandler Santiago,h5gypn,Latin America,No
Jensen Higgins,kodhcp,EMEA,No
Jordyn Robbins,ta9gyl,APAC,No
Dale Bailey,4a40xk,Africa,Yes
Jadyn Keller,7c5d05,North America,No
Liam Rowland,l0jowg,North America,No
Naima Dickson,rdj657,APAC,No
Camryn Clayton,ulqyho,APAC,No
Kiersten Nixon,yrlnzh,North America,No
Dane Stuart,3hzirm,APAC,No
Jessie Reilly,bpikm8,Africa,Yes
Yareli Barry,iux39f,EMEA,Yes
Alexis Silva,zr9tze,APAC,No
Aedan Shields,mtiqq0,Africa,Yes
Kaitlin Mcgee,0byylf,EMEA,No
Gisselle Farrell,n2u86n,Africa,Yes
Sam Hayes,w1rrx4,EMEA,No
Lorena Bond,3sr0uq,APAC,No
Kailee Blevins,8gkiwf,North America,No
Charlie Maynard,nq7cp1,North America,No
Bailey Hanson,1khdku,EMEA,No
Xander Boyd,zkwiof,North America,No
Joel Curry,1pvgja,North America,No
Carly Leblanc,yyd9zf,APAC,No
Rubi Castillo,aitndb,North America,No
Gemma Weaver,3pwk44,Latin America,Yes
Romeo Ellison,skxdkr,EMEA,No
Marely James,g4wjlt,APAC,No
Kamari Ayers,5p7ivv,North America,Yes
Michael Conley,h69h7t,North America,Yes
Harrison Wiley,lq4p18,North America,No
Aniya Matthews,hpm8y7,EMEA,Yes
Miracle Aguilar,uf3705,North America,Yes
Zaniyah Ramirez,hjxgek,North America,No
Teagan Doyle,nqy2oo,APAC,No
Alijah Martinez,3h6edl,North America,No
Avah Zamora,jwwzp7,EMEA,No
Guillermo Key,b5qhcd,APAC,No
Jonathon Morrow,f2dx60,APAC,No
Chelsea Herman,h47t6t,North America,No
Aylin Booker,2bgmup,EMEA,No
Olivia Santana,idbgy0,North America,No
Karlee Miranda,bervrl,APAC,No
Marina Dunlap,fb6wkj,APAC,No
Kaden Mullen,o8wdwc,APAC,No
Ariana Zamora,1fb0gv,APAC,No
Jace Carrillo,9hnnzu,APAC,Yes
Reyna Hanna,4kc77o,APAC,Yes
Wayne Villegas,rv2t2j,Africa,No
Lexie Wiggins,fl4iv5,North America,No
Dennis Hansen,g03e48,EMEA,No
Heaven James,4yk2yc,EMEA,No
Madisyn Marquez,xhf54r,APAC,No
Jack Sexton,hyq0b0,EMEA,No
Chaya May,d0xye8,Latin America,No
Rubi Harrison,a4dzw7,APAC,No
Caden Church,zx558r,North America,No
Cullen Lucero,egn22u,North America,No
Amelia Mooney,ukiyxs,APAC,Yes
Stacy Mccall,gz68h8,North America,Yes
Marlon Mahoney,ibsmhl,North America,No
Lyla Gibson,oc9csf,APAC,No
Wade Bean,mjjcja,North America,No
Fernanda Guerrero,jnu3ld,North America,No
Kali Howard,p38mb8,North America,No
Trinity Glover,t1dp0k,Africa,Yes
Nora Harrell,jpumsd,Africa,No
Ernesto Moore,57x0vy,EMEA,No
Toby Galloway,k0tbjh,APAC,Yes
Scott Cummings,ujruz0,EMEA,No
Camille Romero,b4agzh,EMEA,No
Mariyah Rodgers,l087fr,APAC,Yes
Cloe Hardin,d12afj,EMEA,No
Catalina Garner,kh3wk2,EMEA,Yes
Terrence Ho,jmat07,EMEA,No
Lacey Mcmahon,luvynv,APAC,No
Cecilia Koch,ynvwbk,North America,No
Jayden Bond,ro5738,EMEA,No
Deven York,nm7k7g,APAC,No
Karley Rogers,g9kihg,EMEA,No
Alexis Valdez,jk9ji3,North America,No
Winston Sampson,x53w3s,APAC,No
Dalton Walsh,djhbzq,EMEA,No
Allyson Warner,o2o502,EMEA,No
Rex Valentine,5r7st8,Latin America,Yes
Ali Wood,bbafbk,APAC,No
Victor Newman,ma8kak,EMEA,No
Elisa Chaney,8vcxf9,APAC,No
Nicolas Buckley,f3gtpl,North America,Yes
Waylon Long,4hcsfq,APAC,No
Carlos Taylor,q5uzpa,North America,No
Payten Sims,r23hot,APAC,Yes
Jaxson Thompson,0nq64e,North America,No
Kayden Khan,figh46,APAC,Yes
Tommy Blankenship,7ecpyy,EMEA,Yes
Tyree Hinton,rhi8gk,APAC,No
Davon Barry,magaq5,North America,No
Kaleigh Sparks,r52hsm,EMEA,No
Frida Strong,2suo3m,North America,Yes
Audrina Christensen,h27z6r,APAC,No
Chandler Santiago,vl8nwu,APAC,No
Jensen Higgins,uzl7qk,North America,No
Jordyn Robbins,q110bp,APAC,No
Dale Bailey,8dxl4l,North America,No
Jadyn Keller,f96wl2,North America,No
Liam Rowland,af4jl6,EMEA,No
Naima Dickson,90rlfz,EMEA,Yes
Camryn Clayton,e4bdk9,EMEA,No
Kiersten Nixon,y53q90,North America,No
Dane Stuart,1w4bji,EMEA,No
Jessie Reilly,pr7f8w,North America,No
Yareli Barry,inc2pr,North America,No
Alexis Silva,2kssvt,North America,No
Aedan Shields,a3nf4k,EMEA,No
Kaitlin Mcgee,uv3aqx,APAC,Yes
Gisselle Farrell,unjht8,Africa,Yes
Sam Hayes,3m5a5t,Latin America,No
Lorena Bond,ilhe9f,EMEA,Yes
Kailee Blevins,g8jish,EMEA,No
Charlie Maynard,gslvxq,EMEA,No
Bailey Hanson,4rftsv,APAC,Yes
Xander Boyd,hmlaqy,EMEA,No
Joel Curry,7dblui,EMEA,Yes
Carly Leblanc,7zccit,EMEA,No
Rubi Castillo,uhuj1w,North America,Yes
Gemma Weaver,8hiixz,North America,No
Romeo Ellison,z3nfo9,North America,Yes
Marely James,f6esi3,North America,Yes
Kamari Ayers,e38hlr,North America,No
Michael Conley,rn4lj6,EMEA,No
Harrison Wiley,8cyhi5,APAC,No
Aniya Matthews,uy6rnq,North America,No
Miracle Aguilar,hhl6o7,Latin America,Yes
Zaniyah Ramirez,n251ss,EMEA,No
Teagan Doyle,rm251m,Latin America,No
Alijah Martinez,ek9kug,North America,No
Avah Zamora,r31i4s,Africa,No
Guillermo Key,o55pgy,EMEA,No
Jonathon Morrow,p3tz0q,North America,No
Chelsea Herman,oi2bsg,North America,No
Aylin Booker,dt0mkp,APAC,No
Olivia Santana,hjzuxp,EMEA,No
Karlee Miranda,e05tn0,EMEA,No
Marina Dunlap,ma43nv,North America,No
Kaden Mullen,m03qw0,EMEA,Yes
Ariana Zamora,v3lgyc,North America,No
Jace Carrillo,0686jf,Latin America,Yes
Reyna Hanna,6h7gal,APAC,No
Wayne Villegas,thqqh9,EMEA,No
Lexie Wiggins,kw869w,North America,No
Dennis Hansen,rfihch,EMEA,No
Heaven James,44ic8a,North America,Yes
Madisyn Marquez,kzzr67,EMEA,No
Jack Sexton,jmkicb,Latin America,Yes
Chaya May,6aaxof,EMEA,No
Rubi Harrison,kp60vg,North America,No
Caden Church,81bo36,APAC,Yes
Cullen Lucero,4xenwc,North America,No
Amelia Mooney,y3hsxn,North America,No
Stacy Mccall,m5ccqa,North America,No
Marlon Mahoney,2r663q,APAC,No
Lyla Gibson,7d38ay,APAC,No
Wade Bean,x4iptr,APAC,Yes
Fernanda Guerrero,9wetf8,North America,No
Kali Howard,jhab0i,APAC,No
Trinity Glover,dzjt6s,EMEA,Yes
Nora Harrell,2ufn2n,North America,No
Ernesto Moore,r79x1t,EMEA,No
Toby Galloway,jtn6w7,North America,No
Scott Cummings,vrqpio,North America,No
Camille Romero,fe2icd,Africa,No
Mariyah Rodgers,y3vd6g,North America,No
Cloe Hardin,vvpy0d,Africa,No
Catalina Garner,jgp1ww,APAC,No
Terrence Ho,giig49,APAC,Yes
Lacey Mcmahon,3i2pu6,North America,No
Cecilia Koch,fpk63w,North America,No
Jayden Bond,flruww,APAC,Yes
Deven York,cnkee5,EMEA,No
Karley Rogers,t4ktmq,EMEA,No
Alexis Valdez,b8x5ho,APAC,No
Winston Sampson,boeven,Africa,Yes
Dalton Walsh,v0thap,North America,No
Allyson Warner,f2r6l4,Latin America,No
Rex Valentine,2eag2g,EMEA,No
Ali Wood,shpg7c,Latin America,Yes
Victor Newman,c20s4m,North America,Yes
Elisa Chaney,0h201z,North America,No
Nicolas Buckley,gaqca8,North America,No
Waylon Long,us2nmd,North America,No
Carlos Taylor,2tjv4e,EMEA,No
Payten Sims,puaafo,APAC,Yes
Jaxson Thompson,m2yxd3,North America,No
Kayden Khan,vp4oio,North America,No
Tommy Blankenship,boe87r,EMEA,No
Tyree Hinton,dgjmbs,EMEA,Yes
Davon Barry,qy4slc,APAC,No
Kaleigh Sparks,4ko3wz,Africa,No
Frida Strong,7w9rb9,Africa,No
Audrina Christensen,sentk9,Africa,No
Chandler Santiago,09wbcm,North America,No
Jensen Higgins,ndr80a,Latin America,No
Jordyn Robbins,a08uu4,EMEA,No
Dale Bailey,dkvokc,North America,No
Jadyn Keller,hv3c0y,Latin America,No
Liam Rowland,sydk1g,North America,No
Naima Dickson,g9h4te,North America,No
Camryn Clayton,ske9i2,EMEA,Yes
Kiersten Nixon,2om520,Africa,No
Dane Stuart,hlav31,APAC,Yes
Jessie Reilly,2hvcjz,Africa,Yes
Yareli Barry,yogrys,North America,No
Alexis Silva,tsym31,North America,Yes
Aedan Shields,bmqbun,EMEA,Yes
Kaitlin Mcgee,mbr26t,APAC,Yes
Gisselle Farrell,73wcva,EMEA,No
Sam Hayes,rfwhv3,Africa,Yes
Lorena Bond,17ltoz,EMEA,No
Kailee Blevins,lj223t,APAC,Yes
Charlie Maynard,luwpi4,EMEA,No
Bailey Hanson,1q42kg,North America,No
Xander Boyd,6fyyus,EMEA,No
Joel Curry,ju86q2,Latin America,No
Carly Leblanc,sk740m,APAC,No
Rubi Castillo,qcwycd,APAC,No
Gemma Weaver,8r6jj3,Africa,Yes
Romeo Ellison,0cca1l,EMEA,Yes
Marely James,ypoxiw,APAC,No
